"LakeNumber","LakeName","Longitude","Latitude","Altitude","MeanJulyAirTemp","NDVI","TerrainSlope","Area","ShoreDevelopment","Stocking","Regulation","SamplingYear","GillnetSeries","TroutYield","FishRichness","FishCommunity","Charr","Minnow","Whitefish","Pike","Burbot","Grayling","ThreespineStickleback","Salmon","Eel","Rudd","Vendace","Cruciancarp","Roach","Smelt","Bream","Riverlamprey","Cod","Seith","Pollock","Herring","Flounder"
6,"Norsjo",178991,6585591,15,15.91009998,127.73,9.19262,55.05229019,0.372654880831509,0,1,1974,"Jensen",66.80555556,9,3,1,0,1,0,0,0,1,0,1,0,0,1,0,1,0,1,0,0,0,0,0
9,"Totak",99409,6640873,687,9.8826952,116.28,6.84875,37.17748942,0.0961379425598661,1,1,1996,"Jensen",541.3333333,4,3,1,1,0,0,0,0,1,0,0,0,0,0,0,0,0,0,0,0,0,0,0
10,"Songa",79740,6660878,974,8.10820198,111.65,6.44608,29.88945475,-0.0615578554407119,1,1,1992,"Jensen",1730.333333,2,2,0,1,0,0,0,0,0,0,0,0,0,0,0,0,0,0,0,0,0,0,0
16,"ovre_Bjornevatn",71451,6679312,1154,7.55489683,107.54,5.56216,2.908582665,0.144083257042751,0,0,1978,"Jensen",2086.888889,1,1,0,0,0,0,0,0,0,0,0,0,0,0,0,0,0,0,0,0,0,0,0
18,"Nedre_Krokavatn",76838,6684414,1144,7.67671919,106.3,5.42924,1.158625553,0.352641562203711,0,0,1978,"Jensen",3422,1,1,0,0,0,0,0,0,0,0,0,0,0,0,0,0,0,0,0,0,0,0,0
19,"Kvennsjoen",66352,6684705,1167,7.26798296,104.37,6.77733,4.975650818,0.204971489112744,0,0,1978,"Jensen",4350.5,1,1,0,0,0,0,0,0,0,0,0,0,0,0,0,0,0,0,0,0,0,0,0
23,"Botnedalsvatn",89622,6617654,740,9.27773666,119.56,11.5338,3.105054577,0.0259354577620727,1,1,1996,"Jensen",1384,1,1,0,0,0,0,0,0,0,0,0,0,0,0,0,0,0,0,0,0,0,0,0
24,"Vinjevatn",98761,6627849,466,11.07054043,118.49,9.42075,3.219483766,0.466367305151305,1,1,1996,"Jensen",882.6666667,4,3,1,1,0,0,0,0,1,0,0,0,0,0,0,0,0,0,0,0,0,0,0
43,"Litlosvatn",63795,6686469,1172,6.90009689,104.71,6.28083,1.510913408,0.097906080910914,0,0,1978,"Jensen",2269.833333,1,1,0,0,0,0,0,0,0,0,0,0,0,0,0,0,0,0,0,0,0,0,0
49,"Byrtevatn",94762,6621875,445,9.61683464,124.29,16.7899,4.760066173,0.0955793225786812,1,1,1996,"Jensen",512,2,2,0,0,1,0,0,0,0,0,0,0,0,0,0,0,0,0,0,0,0,0,0
54,"Tveitevatn",87548,6643728,590,10.98252964,114.93,9.05779,1.820247684,0.220125822622357,0,0,1985,"Jensen",1154,2,2,0,1,0,0,0,0,0,0,0,0,0,0,0,0,0,0,0,0,0,0,0
55,"Bordalsvatn",72233,6655239,891,8.34400845,109.4,7.25388,7.65977011,0.1179596888141,1,1,1996,"Jensen",1013.333333,1,1,0,0,0,0,0,0,0,0,0,0,0,0,0,0,0,0,0,0,0,0,0
59,"Loyningvatn",68281,6652159,843,8.25784779,106.06,11.6831,0.328518733,0.657877993370645,0,0,1985,"Jensen",601.5555556,1,1,0,0,0,0,0,0,0,0,0,0,0,0,0,0,0,0,0,0,0,0,0
64,"Bitdalsvatn",100308,6650356,974,7.87067604,115.46,13.1093,5.505199641,0.181105180440165,1,1,1997,"Jensen",1266.666667,1,1,0,0,0,0,0,0,0,0,0,0,0,0,0,0,0,0,0,0,0,0,0
72,"Breivatn",141486,6630810,749,10.07279968,132.31,5.401,3.575969715,-0.0600469069629451,1,1,1996,"Jensen",322.6666667,2,2,1,0,0,0,0,0,0,0,0,0,0,0,0,0,0,0,0,0,0,0,0
86,"ovre_Langeidvatn",82024,6639716,886,8.52941227,122.55,6.3569,5.916888703,0.356168895246138,1,1,1997,"Jensen",1010.666667,2,2,0,1,0,0,0,0,0,0,0,0,0,0,0,0,0,0,0,0,0,0,0
92,"Rosjaa",134287,6680492,1174,6.71618986,119.88,3.09107,2.022913292,0.086965539891636,0,0,1992,"Jensen",2290,1,1,0,0,0,0,0,0,0,0,0,0,0,0,0,0,0,0,0,0,0,0,0
106,"Ljosdalsvatn",115089,6620395,645,10.7439003,132.43,6.34776,1.232998658,0.202062469047786,0,1,1996,"Jensen",488,3,3,0,1,0,0,0,0,1,0,0,0,0,0,0,0,0,0,0,0,0,0,0
151,"Breidalsvatn",111329,6898571,908,7.906322,106.82,14.6073,6.875042798,0.0459874546290627,1,1,1979,"Jensen",487.4444444,1,1,0,0,0,0,0,0,0,0,0,0,0,0,0,0,0,0,0,0,0,0,0
170,"Savalen",265865,6912411,707,9.51300621,127.53,6.64744,15.1649857,0.114259220405382,0,1,1974,"Jensen",92.66666667,3,3,1,1,0,0,0,0,0,0,0,0,0,0,0,0,0,0,0,0,0,0,0
198,"Sor-Mesna",271663,6779195,521,11.6363802,132.44,4.05071,6.93,-0.147178680524066,1,1,1976,"Jensen",60.25,4,3,0,1,0,0,0,0,0,0,0,0,0,0,0,1,0,0,0,0,0,0,0
203,"Grunnvatn",261065,6811726,861,9.2668066,129.62,2.22383,0.539828706,-0.152870937052196,0,1,1976,"Jensen",690.9206349,2,2,0,1,0,0,0,0,0,0,0,0,0,0,0,0,0,0,0,0,0,0,0
204,"Djupen",264434,6811793,917,8.91986847,129.52,2.61611,0.735366497,-0.222366841791427,1,1,1976,"Jensen",1319.746032,2,2,0,1,0,0,0,0,0,0,0,0,0,0,0,0,0,0,0,0,0,0,0
210,"Olstappen",201352,6830220,663,10.20825958,120.84,9.11245,3.19004137,-0.0875182863865304,0,1,1980,"Jensen",349.2,3,3,0,1,0,0,0,0,0,0,0,0,0,0,0,0,0,0,0,0,0,0,0
226,"Raudalsvatn",116861,6885222,916,7.89685488,103.46,19.2359,7.411898224,-0.193081644343554,1,1,1979,"Jensen",537.8,1,1,0,0,0,0,0,0,0,0,0,0,0,0,0,0,0,0,0,0,0,0,0
227,"Vuluvatn",119791,6902747,747,5.91504622,101.2,13.9391,1.295894038,0.233096863675215,0,0,1992,"Jensen",491.1666667,1,1,0,0,0,0,0,0,0,0,0,0,0,0,0,0,0,0,0,0,0,0,0
250,"Nord-Mesna",265107,6782795,519,11.83833027,131.9,4.3855,6.067912472,-0.123043015650748,1,1,1976,"Jensen",84.44444444,5,3,0,1,1,0,0,0,0,0,0,0,0,0,0,1,0,0,0,0,0,0,0
257,"Sjusjoen",269074,6786508,809,10.24219036,130,3.09888,1.24955901,-0.389733676857011,0,1,1976,"Jensen",1317,4,3,0,1,1,0,0,0,0,0,0,0,0,0,0,0,0,0,0,0,0,0,0
258,"Reinsvatn",264634,6794524,905,9.23944473,130.39,3.3302,3.876344247,-0.372219530843504,1,1,1976,"Jensen",228.1666667,4,3,0,1,1,0,0,0,0,0,0,0,0,0,0,0,0,0,0,0,0,0,0
261,"Vaasjoen",257425,6813274,868,9.20604897,129.2,2.57913,1.003799541,0.05919176945835,1,1,1976,"Jensen",494.2222222,2,2,0,1,0,0,0,0,0,0,0,0,0,0,0,0,0,0,0,0,0,0,0
263,"Gopollen",262848,6814360,986,8.58193302,129.58,4.49588,1.463919511,-0.18986278174752,1,1,1976,"Jensen",896.2539683,3,3,0,1,1,0,0,0,0,0,0,0,0,0,0,0,0,0,0,0,0,0,0
268,"Slangen",198413,6829402,668,10.72970009,123.56,10.3171,0.866929207,-0.35183881515993,0,0,1980,"Jensen",270.5555556,3,3,0,1,0,0,0,0,0,0,0,0,0,0,0,0,0,0,0,0,0,0,0
279,"Hoydalsvatn",133718,6855814,905,6.94268179,104.62,10.7528,2.464789659,0.0776093203486962,0,0,1979,"Jensen",1347.619048,1,1,0,0,0,0,0,0,0,0,0,0,0,0,0,0,0,0,0,0,0,0,0
285,"Kroksjoen",269573,6791363,882,9.4009304,129.79,2.68994,1.480869874,0.126105267547394,0,1,1976,"Jensen",1401.333333,4,3,0,1,1,0,0,0,0,0,0,0,0,0,0,0,0,0,0,0,0,0,0
286,"Mellsjoen",268530,6793436,893,9.33273506,130.1,2.77495,1.236091072,-0.122299479312732,1,1,1976,"Jensen",607.5,4,3,0,1,1,0,0,0,0,0,0,0,0,0,0,0,0,0,0,0,0,0,0
380,"Haugsjo",190706,6658568,362,13.23058987,138.15,6.00211,1.234188871,0.397612214098252,1,0,1986,"Jensen",294.6666667,4,3,0,1,1,0,0,0,0,0,0,0,0,0,0,0,0,0,0,0,0,0,0
390,"Ossjoen",126242,6712632,951,8.66920471,116.01,3.06768,2.411002234,0.227455465255825,1,0,1990,"Jensen",4793.75,2,2,1,0,0,0,0,0,0,0,0,0,0,0,0,0,0,0,0,0,0,0,0
391,"Veslekraekkja",103820,6720609,1148,7.45900488,112,3.11237,1.929824125,0.031276462847398,1,1,1986,"Jensen",770.8333333,1,1,0,0,0,0,0,0,0,0,0,0,0,0,0,0,0,0,0,0,0,0,0
395,"Langesjoen",97047,6700249,1206,7.56891489,112.86,2.38625,10.72475347,0.196244961276671,1,0,1989,"Jensen",2314.466667,1,1,0,0,0,0,0,0,0,0,0,0,0,0,0,0,0,0,0,0,0,0,0
415,"Halnefjorden",101630,6715923,1129,7.46488094,114.2,3.09735,13.61059297,0.127795204845154,1,1,1986,"Jensen",2754,2,2,0,1,0,0,0,0,0,0,0,0,0,0,0,0,0,0,0,0,0,0,0
418,"Bjornesfjorden",88809,6692219,1223,7.26459694,112.25,2.39228,18.16194846,0.559382456173668,1,0,1989,"Jensen",1597.952381,1,1,0,0,0,0,0,0,0,0,0,0,0,0,0,0,0,0,0,0,0,0,0
440,"aabjorvatn",390692,7213059,81,12.79199982,112.82,9.99279,4.537472164,0.0719674417874456,0,0,1972,"Jensen",3375.333333,3,3,1,0,0,0,0,0,1,0,0,0,0,0,0,0,0,0,0,0,0,0,0
442,"ovre_Kalvatn",406280,7228159,484,10.08469963,108.94,6.31393,6.322479046,0.134034397875233,0,0,1972,"Jensen",2092,1,1,0,0,0,0,0,0,0,0,0,0,0,0,0,0,0,0,0,0,0,0,0
447,"ovre_Ringvatn",400031,7223357,611,9.51119995,105.74,6.68414,1.374049755,-0.0223934306600665,0,0,1973,"Jensen",908.5714286,1,1,0,0,0,0,0,0,0,0,0,0,0,0,0,0,0,0,0,0,0,0,0
469,"Unkervatn",461824,7265644,329,11.19069958,123.02,12.6723,14.09156772,-0.471347902192877,0,0,1974,"Jensen",101.5873016,2,2,1,0,0,0,0,0,0,0,0,0,0,0,0,0,0,0,0,0,0,0,0
472,"Vestre_Tiplingen",457670,7239623,683,8.95418167,109.62,6.76838,1.888889712,0.551150247905786,0,0,1975,"Jensen",2247.619048,1,1,0,0,0,0,0,0,0,0,0,0,0,0,0,0,0,0,0,0,0,0,0
477,"Lille_Svenningsvatn",423864,7248710,174,11.78923988,122.63,8.1887,1.500146755,0.017996042034973,0,0,1974,"Jensen",215.8730159,2,2,0,1,0,0,0,0,0,0,0,0,0,0,0,0,0,0,0,0,0,0,0
478,"Store_Svenningsvatn",423030,7244672,175,11.78489971,122.33,7.79849,5.198212917,-0.448836188923629,0,0,1974,"Jensen",228.5714286,2,2,0,1,0,0,0,0,0,0,0,0,0,0,0,0,0,0,0,0,0,0,0
479,"Kjerringvatn",421711,7239570,254,11.3978796,121.9,6.84093,1.218278544,-0.0407752983271011,0,0,1974,"Jensen",895.2380952,2,2,0,1,0,0,0,0,0,0,0,0,0,0,0,0,0,0,0,0,0,0,0
480,"Sefrivatn",421073,7236431,335,11.1059103,121.97,6.57885,2.36157795,-0.168995569968323,0,0,1974,"Jensen",520.6349206,2,2,0,1,0,0,0,0,0,0,0,0,0,0,0,0,0,0,0,0,0,0,0
481,"Lille_Majavatn",421603,7233141,339,11.07233047,122.17,6.53253,3.016505807,0.0514847445949895,0,0,1974,"Jensen",685.7142857,2,2,0,1,0,0,0,0,0,0,0,0,0,0,0,0,0,0,0,0,0,0,0
483,"Nedre_Fiplingvatn",433967,7247946,359,10.81801033,114.64,14.0001,10.61939971,-0.404753355229853,0,0,1974,"Jensen",977.7777778,1,1,0,0,0,0,0,0,0,0,0,0,0,0,0,0,0,0,0,0,0,0,0
484,"ovre_Fiplingvatn",428854,7238576,364,10.81268978,120.3,14.4221,11.76866214,-0.395560938212444,0,0,1974,"Jensen",768.2539683,1,1,0,0,0,0,0,0,0,0,0,0,0,0,0,0,0,0,0,0,0,0,0
490,"Gaasvatn",417216,7248622,323,10.54014969,110.87,12.2559,2.328101989,0.222046972978799,0,0,1974,"Jensen",704.7619048,1,1,0,0,0,0,0,0,0,0,0,0,0,0,0,0,0,0,0,0,0,0,0
506,"Krutvatn",472821,7286228,585,8.96142864,111.67,6.43395,9.400508099,-0.242642469964385,0,1,1977,"Jensen",16.50793651,2,2,1,0,0,0,0,0,0,0,0,0,0,0,0,0,0,0,0,0,0,0,0
514,"Sperillen",227659,6712610,150,14.73268986,129.81,9.35628,37.21383048,-0.0475351951487568,0,1,1977,"Jensen",281.4814815,8,3,1,1,1,0,0,0,1,0,0,0,0,0,0,1,1,0,0,0,0,0,0
516,"Slidrefjorden",174478,6787512,366,12.39542007,121.82,13.265,11.35361682,0.323848672829336,1,1,1979,"Jensen",846.1666667,3,3,0,1,0,0,0,0,0,0,0,0,0,0,0,0,0,0,0,0,0,0,0
517,"Vangsmjosa",151545,6797086,466,9.86802292,118.02,14.0197,18.4185867,-0.0372679983305645,1,1,1973,"Jensen",762.6296296,1,1,0,0,0,0,0,0,0,0,0,0,0,0,0,0,0,0,0,0,0,0,0
518,"Otrovatnet",133987,6801912,971,7.80878687,114.23,7.30613,2.18231289,-0.348563802918549,1,1,1977,"Jensen",1579.666667,1,1,0,0,0,0,0,0,0,0,0,0,0,0,0,0,0,0,0,0,0,0,0
521,"Kroderen",203400,6691641,133,14.59737015,124.95,9.45587,43.73746611,0.366274791802671,1,1,1977,"Jensen",208.6111111,6,3,1,1,1,0,0,0,0,0,0,0,0,1,0,0,0,0,0,0,0,0,0
524,"Etnsenn",203510,6787159,801,9.67370319,126.93,4.21811,1.297880736,0.479228253361021,0,0,1978,"Jensen",504.0833333,3,3,0,1,0,0,0,0,0,0,0,0,0,0,0,0,0,0,0,0,0,0,0
531,"Tisleifjorden",170313,6762084,820,9.46925735,123.58,9.73003,13.49456119,-0.0885368521364846,1,1,1973,"Jensen",504.3333333,3,3,0,1,0,0,0,0,0,0,0,0,0,0,0,0,0,0,0,0,0,0,0
532,"Storevatn",162711,6763861,825,9.31891632,123.62,8.6469,4.859295874,-0.113486637279875,1,1,1973,"Jensen",721.2222222,3,3,0,1,0,0,0,0,0,0,0,0,0,0,0,0,0,0,0,0,0,0,0
546,"Soneren",196636,6670593,100,14.94962978,135.91,9.1228,6.584256837,-0.222414711917628,1,0,1986,"Jensen",507.7777778,4,3,0,1,1,0,0,0,0,0,0,0,0,0,0,0,0,0,0,0,0,0,0
548,"Strandavatn",109743,6749602,974,7.92284393,110.02,10.8054,23.98289678,-0.295286683865454,1,1,1980,"Jensen",1407.066667,1,1,0,0,0,0,0,0,0,0,0,0,0,0,0,0,0,0,0,0,0,0,0
554,"Bergsmulvatn/Nygaard.",104714,6730456,995,7.31786489,105.04,8.55077,3.512808283,0.152444832575257,0,1,1983,"Jensen",299.7333333,3,3,1,0,1,0,0,0,0,0,0,0,0,0,0,0,0,0,0,0,0,0,0
558,"Dokkvatn",221806,6797323,776,10.12709999,127.11,4.79578,1.963307656,0.570356920992578,0,0,1978,"Jensen",284.1666667,2,2,0,1,0,0,0,0,0,0,0,0,0,0,0,0,0,0,0,0,0,0,0
560,"Rossjoen",207735,6787039,895,9.49201775,129.18,4.10382,1.906435706,0.486492637972877,0,0,1979,"Jensen",1284,3,3,0,1,0,0,0,0,0,0,0,0,0,0,0,0,0,0,0,0,0,0,0
562,"Samsjoen",234746,6701109,213,14.36849976,138.38,6.64935,3.171660124,-0.0435296367490681,1,1,1988,"Jensen",132.2777778,5,3,1,1,1,0,0,0,0,0,0,0,0,0,0,0,0,0,0,0,0,0,0
563,"Vestre_Bjonevatn",232930,6719369,228,13.57629967,136.77,5.86463,2.140344577,0.26075968210647,1,1,1988,"Jensen",100.3333333,5,3,1,1,1,0,0,0,0,0,0,0,0,0,0,0,0,0,0,0,0,0,0
565,"Aurdalsfjorden",194499,6768100,320,12.10039043,125.63,10.4065,1.92626538,0.407489442800661,0,1,1977,"Jensen",284.4444444,5,3,0,1,1,0,0,0,0,0,0,0,0,1,0,0,0,0,0,0,0,0,0
567,"olsjoen",189326,6761888,749,9.77185535,125.68,8.18239,2.960624238,0.145367540577574,0,1,1973,"Jensen",432.5,4,3,0,1,1,0,0,0,0,0,0,0,0,0,0,0,0,0,0,0,0,0,0
568,"Flyvatn",161346,6771897,856,9.17717171,121.78,11.7502,12.86943804,0.298958082652767,1,1,1973,"Jensen",313.8333333,3,3,0,1,0,0,0,0,0,0,0,0,0,0,0,0,0,0,0,0,0,0,0
570,"Helin",157205,6783967,868,8.98303032,123.91,15.6892,9.513625652,-0.162577772954192,1,1,1973,"Jensen",259.9393939,3,3,0,1,0,0,0,0,0,0,0,0,0,0,0,0,0,0,0,0,0,0,0
573,"Vasetvatn",173322,6777802,796,9.76925755,128.94,5.71062,1.003743748,0.0442081523794241,0,0,1981,"Jensen",841.25,2,2,0,1,0,0,0,0,0,0,0,0,0,0,0,0,0,0,0,0,0,0,0
574,"Sondre_Syndin",167260,6784277,909,8.0812521,126.88,4.72626,2.110465662,-0.205288972367789,0,0,1981,"Jensen",181,2,2,0,1,0,0,0,0,0,0,0,0,0,0,0,0,0,0,0,0,0,0,0
576,"Saebufjorden",187339,6778372,377,12.42949963,126.52,8.09087,1.502377737,-0.0792155697950451,0,0,1974,"Jensen",546,3,3,0,1,0,0,0,0,0,0,0,0,0,0,0,0,0,0,0,0,0,0,0
579,"Olevatn",176124,6808198,1004,7.609725,123.76,4.75227,2.365596957,0.0777464709992714,1,1,1975,"Jensen",442.2222222,2,2,0,1,0,0,0,0,0,0,0,0,0,0,0,0,0,0,0,0,0,0,0
583,"oksnemagasinet",212840,6617553,413,13.72978973,134.37,3.08161,2.795042694,0.747910532276486,0,1,1979,"Jensen",922.0666667,4,3,0,1,0,0,0,0,1,0,0,0,0,0,0,0,0,0,0,0,0,0,0
586,"Horgsetermag.",193598,6662878,311,13.52581978,136.94,6.36902,1.927213781,0.67497720511454,0,1,1994,"Jensen",809.1666667,3,3,0,0,0,0,0,0,1,0,0,0,0,0,0,0,0,0,0,0,0,0,0
587,"Lauvnesvatn",197958,6659749,367,13.42101002,139.23,5.23244,2.541400223,0.347144605016909,0,1,1994,"Jensen",1158.666667,3,3,0,0,0,0,0,0,1,0,0,0,0,0,0,0,0,0,0,0,0,0,0
591,"Varaldsetvatn",131303,6744758,999,7.94280005,122.46,4.37752,1.142810344,-0.0980113603816873,1,1,1980,"Jensen",298.5,3,3,1,1,0,0,0,0,0,0,0,0,0,0,0,0,0,0,0,0,0,0,0
592,"Rodungen",130541,6749147,1022,7.89010477,119.02,7.30027,5.028034353,-0.433432776692194,1,1,1980,"Jensen",920.5833333,3,3,1,1,0,0,0,0,0,0,0,0,0,0,0,0,0,0,0,0,0,0,0
608,"Aksjoen",224265,6749455,604,11.48408031,134.01,3.98206,3.849087671,0.0381231526261538,1,1,1977,"Jensen",206.6666667,5,3,1,1,1,0,0,0,0,0,0,0,0,0,0,0,0,0,0,0,0,0,0
609,"Synnfjorden",223523,6787552,796,10.09891033,129.64,5.99275,1.961791795,-0.19950826078813,0,0,1979,"Jensen",464.8333333,3,3,0,1,1,0,0,0,0,0,0,0,0,0,0,0,0,0,0,0,0,0,0
610,"Dokkfloyvatn",229259,6787418,696,10.66744995,127.6,4.91015,9.405368152,0.0631104486580164,0,0,1978,"Jensen",1371.277778,3,3,0,1,0,0,0,0,0,0,0,0,0,0,0,0,0,0,0,0,0,0,0
627,"Bergsjo",134695,6749355,1081,7.34845686,114.85,8.25181,1.67615916,-0.0454081289595379,1,1,1980,"Jensen",772.6666667,1,1,0,0,0,0,0,0,0,0,0,0,0,0,0,0,0,0,0,0,0,0,0
631,"Sortungen",243530,6708247,360,13.68187046,137.63,7.36637,1.077731923,0.85969858013761,0,1,1977,"Jensen",71.66666667,6,3,1,1,1,0,0,0,0,0,0,0,0,1,0,0,0,0,0,0,0,0,0
632,"Velmunden/Lemandfjorden",237338,6710522,400,13.42191982,135.42,2.91457,9.07635844,1.2574880125547,0,1,1977,"Jensen",12.5,6,3,1,1,1,0,0,0,0,0,0,0,0,1,0,0,0,0,0,0,0,0,0
650,"ostre_Osavatn/Indre_Osavatnet",264268,7079124,103,12.2739296,130.74,6.90605,0.771289475,-0.151479239287096,0,0,1977,"Jensen",408.75,3,3,1,0,0,0,0,0,1,0,0,0,0,0,0,0,0,0,0,0,0,0,0
652,"Rodsjovatn",265333,7082714,87,11.96557999,126.37,4.32595,0.632489344,0.0592039013410316,0,0,1987,"Jensen",449.2380952,3,3,1,0,0,0,0,0,1,0,0,0,0,0,0,0,0,0,0,0,0,0,0
653,"Holvatn",271760,7084713,189,11.74246979,125.67,4.05134,0.847253184,0.422571317438617,0,0,1987,"Jensen",2000.761905,3,3,1,0,0,0,0,0,1,0,0,0,0,0,0,0,0,0,0,0,0,0,0
654,"Lysvatn",275422,7087370,248,11.84214973,124.67,3.09077,1.362315606,-0.177297922326989,0,0,1982,"Jensen",1158.285714,2,2,1,0,0,0,0,0,0,0,0,0,0,0,0,0,0,0,0,0,0,0,0
693,"Laksjoen",428488,7148369,398,11.09759045,124.86,6.03361,19.22655442,-0.247683208810087,0,0,1977,"Jensen",572.75,3,3,1,1,0,0,0,0,0,0,0,0,0,0,0,0,0,0,0,0,0,0,0
694,"Sandsjoen",438645,7146064,409,10.46936035,125.38,6.66535,15.10645053,-0.449440227810871,0,0,1981,"Jensen",545.3333333,3,3,1,1,0,0,0,0,0,0,0,0,0,0,0,0,0,0,0,0,0,0,0
695,"Tunnsjoflyene",409044,7174998,348,11.14741993,120.3,7.02069,6.955099109,0.76778646868989,0,1,1974,"Jensen",842.6666667,2,2,1,0,0,0,0,0,0,0,0,0,0,0,0,0,0,0,0,0,0,0,0
702,"Froyningen",414365,7208340,220,11.61616039,113.8,8.99077,2.667311907,0.197870879845468,0,0,1974,"Jensen",1258,1,1,0,0,0,0,0,0,0,0,0,0,0,0,0,0,0,0,0,0,0,0,0
708,"Otersjoen",418357,7152514,352,11.08967018,124.07,6.13304,2.058543536,-0.13835822748443,0,0,1981,"Jensen",573.4285714,3,3,1,1,0,0,0,0,0,0,0,0,0,0,0,0,0,0,0,0,0,0,0
709,"Skjelbreidvatnet",422733,7152806,352,11.20631027,124.04,6.12431,2.783974978,-0.350479137478661,0,0,1981,"Jensen",890.5714286,3,3,1,1,0,0,0,0,0,0,0,0,0,0,0,0,0,0,0,0,0,0,0
711,"Stor-Tissvatnet",426629,7141057,507,10.44952965,119.79,6.09456,4.605860456,0.0335441993527208,0,0,1981,"Jensen",445.1428571,3,3,1,1,0,0,0,0,0,0,0,0,0,0,0,0,0,0,0,0,0,0,0
712,"Lauvsjoen",436862,7139721,538,10.10182953,125.22,5.47484,3.767174518,0.157110386660854,0,0,1981,"Jensen",544.1904762,3,3,1,1,0,0,0,0,0,0,0,0,0,0,0,0,0,0,0,0,0,0,0
735,"Hallsjoen",358370,7040255,613,9.68245411,119.07,7.41956,3.578932591,-0.42105148349162,0,1,1984,"Jensen",642.2857143,2,2,1,0,0,0,0,0,0,0,0,0,0,0,0,0,0,0,0,0,0,0,0
737,"Fjergen",349076,7039950,508,10.27859974,120.35,7.35664,16.36350889,-0.151849632408968,0,1,1994,"Jensen",842.2222222,2,2,1,0,0,0,0,0,0,0,0,0,0,0,0,0,0,0,0,0,0,0,0
739,"Funnsjoen",340254,7046031,442,10.71800041,120.86,6.57022,7.999740367,-0.0115516012716185,0,1,1984,"Nordic",513.4285714,2,2,1,0,0,0,0,0,0,0,0,0,0,0,0,0,0,0,0,0,0,0,0
778,"Storglomvatn",460123,7401583,521,9.21584511,101.68,11.2189,47.38508572,-0.310068428565329,0,1,1975,"Jensen",392.8571429,2,2,1,0,0,0,0,0,0,0,0,0,0,0,0,0,0,0,0,0,0,0,0
803,"Gaasvatn",500594,7428751,553,9.32444954,115.1,3.74431,2.16254056,0.222897428614354,0,0,1975,"Jensen",1152.380952,1,1,0,0,0,0,0,0,0,0,0,0,0,0,0,0,0,0,0,0,0,0,0
825,"Tunsbergdalsvatnet",84641,6842707,478,8.46986389,102.12,20.4091,7.73,-0.455182747890895,1,1,2006,"Nordic",798.8205128,1,1,0,0,0,0,0,0,0,0,0,0,0,0,0,0,0,0,0,0,0,0,0
857,"Kobbvatn",541050,7500386,10,13.12806034,108.65,14.1763,5.105770757,-0.417066197149063,0,0,1977,"Jensen",97.35449735,4,3,1,0,0,0,0,0,1,1,0,0,0,0,0,0,0,0,0,0,0,0,0
876,"Forollsjoen",285942,6957434,993,7.59594202,118.06,4.63355,3.761718027,-0.124904858753706,1,0,1987,"Jensen",5939.047619,1,1,0,0,0,0,0,0,0,0,0,0,0,0,0,0,0,0,0,0,0,0,0
884,"Hesssjoen",303532,6960643,720,8.82419491,124.42,5.03801,1.030066036,-0.263717936933555,0,0,1978,"Jensen",1342.47619,1,1,0,0,0,0,0,0,0,0,0,0,0,0,0,0,0,0,0,0,0,0,0
885,"oyungen",298686,6964604,788,8.54206753,121.57,6.39429,6.124431899,0.0502298548542136,0,0,1978,"Jensen",920.5714286,2,2,1,0,0,0,0,0,0,0,0,0,0,0,0,0,0,0,0,0,0,0,0
886,"Ramstadsjoen",263643,6989860,478,9.95210075,131.85,5.12745,1.234123612,-0.398164326724901,0,0,1978,"Jensen",658.6666667,1,1,0,0,0,0,0,0,0,0,0,0,0,0,0,0,0,0,0,0,0,0,0
892,"Selbusjoen",293355,7019394,161,12.55383968,125.03,6.45371,57.97042761,0.113435293280432,0,1,1984,"Jensen",1007.619048,4,3,1,1,0,0,1,0,0,0,0,0,0,0,0,0,0,0,0,0,0,0,0
901,"Gronsjoen",333216,6984426,741,8.75454521,116.07,7.10198,1.526551798,-0.32259822272543,0,0,1976,"Jensen",450.5,2,2,1,0,0,0,0,0,0,0,0,0,0,0,0,0,0,0,0,0,0,0,0
902,"Stugusjoen",340371,6980666,607,9.50933266,121.9,6.88877,6.736616708,-0.525215952142762,1,1,1976,"Jensen",47.41666667,3,3,1,0,0,0,1,0,0,0,0,0,0,0,0,0,0,0,0,0,0,0,0
930,"Snaasavatn",352795,7119964,24,13.36940002,129.51,6.21632,121.9797095,0.0240723247984267,0,1,1987,"Jensen",1011.936508,4,3,1,0,0,0,1,0,1,0,0,0,0,0,0,0,0,0,0,0,0,0,0
944,"Holden",303262,7111727,302,11.30793953,126.41,5.51703,13.52657263,0.22794408699867,0,1,1973,"Jensen",520,1,1,0,0,0,0,0,0,0,0,0,0,0,0,0,0,0,0,0,0,0,0,0
947,"Ormsetvatn",287177,7091286,375,11.23845959,123.5,5.4504,4.298216163,-0.17212207028629,0,0,1983,"Jensen",562.0952381,2,2,1,0,0,0,0,0,0,0,0,0,0,0,0,0,0,0,0,0,0,0,0
948,"Meltingvatnet",290978,7079963,216,12.42012024,130.56,4.20551,8.60252521,0.440850946750121,0,0,1979,"Jensen",284.2857143,3,3,1,0,0,0,0,0,1,0,0,0,0,0,0,0,0,0,0,0,0,0,0
949,"Store_Gronsjoen",284799,7077806,224,12.37526989,130.58,3.71339,2.16316984,-0.192890823768015,0,0,1979,"Jensen",595.2380952,3,3,1,0,0,0,0,0,1,0,0,0,0,0,0,0,0,0,0,0,0,0,0
953,"Borsjoen",255659,6931876,910,8.05149746,122.22,4.31232,1.236227643,-0.506696722426206,0,0,1983,"Jensen",2106.603175,1,1,0,0,0,0,0,0,0,0,0,0,0,0,0,0,0,0,0,0,0,0,0
960,"Store_Sverjesjoen",260460,6952984,868,8.05641747,118.58,6.54595,1.657655321,-0.213018828969428,0,0,1975,"Jensen",1327.666667,1,1,0,0,0,0,0,0,0,0,0,0,0,0,0,0,0,0,0,0,0,0,0
961,"Falningsjoen",264775,6950591,850,8.42972374,120.72,6.02692,4.184490129,-0.665192424209442,0,0,1975,"Jensen",1165,1,1,0,0,0,0,0,0,0,0,0,0,0,0,0,0,0,0,0,0,0,0,0
976,"Sovatn",212743,7022243,280,11.70135021,128.07,7.49865,5.246290027,0.212921234392626,0,1,1978,"Jensen",445.8095238,2,2,1,0,0,0,0,0,0,0,0,0,0,0,0,0,0,0,0,0,0,0,0
1005,"Huitgajavrre",558356,7522167,518,9.96709538,108.79,9.95001,2.060021502,0.0327458230998291,0,0,1978,"Jensen",680.8571429,1,1,0,0,0,0,0,0,0,0,0,0,0,0,0,0,0,0,0,0,0,0,0
1016,"Skaarvann",576509,7564952,157,11.59965992,112.45,11.8583,2.355834626,-0.495543498062157,0,0,1982,"Jensen",41.71428571,2,2,1,0,0,0,0,0,0,0,0,0,0,0,0,0,0,0,0,0,0,0,0
1019,"Borsvann",575977,7575127,87,12.60801029,117.99,13.8946,11.60457487,-0.0042757723881999,0,1,1982,"Jensen",6.095238095,3,3,1,0,0,0,0,0,1,0,0,0,0,0,0,0,0,0,0,0,0,0,0
1020,"Hjertevann",574735,7568852,254,11.63961983,122.87,9.37352,2.47518054,-0.0894151891650236,0,1,1982,"Jensen",967.7142857,1,1,0,0,0,0,0,0,0,0,0,0,0,0,0,0,0,0,0,0,0,0,0
1067,"Botsvatn",57288,6602981,552,10.65950012,112.16,10.942,7.667715716,0.270293051182389,0,1,1993,"Jensen",1936.416667,1,1,0,0,0,0,0,0,0,0,0,0,0,0,0,0,0,0,0,0,0,0,0
1070,"Vatnedalsvatn",59281,6618864,840,9.25866127,108.19,7.50896,14.35648307,-0.231197262206225,0,1,1993,"Jensen",1125.75,1,1,0,0,0,0,0,0,0,0,0,0,0,0,0,0,0,0,0,0,0,0,0
1071,"Ormsavatn",55091,6624321,868,7.11094999,107.42,6.52265,3.035125032,-0.0335671498857953,1,1,1992,"Jensen",615.4166667,1,1,0,0,0,0,0,0,0,0,0,0,0,0,0,0,0,0,0,0,0,0,0
1072,"Hartevatn",66979,6625650,759,9.50254536,115.34,6.95232,5.830086396,0.213021981855006,0,1,1991,"Jensen",1176.75,2,2,0,1,0,0,0,0,0,0,0,0,0,0,0,0,0,0,0,0,0,0,0
1073,"Breivevatn",64166,6628921,759,9.50289631,110.7,8.97988,1.055600147,0.135645100981166,0,1,1991,"Jensen",1348.666667,2,2,0,1,0,0,0,0,0,0,0,0,0,0,0,0,0,0,0,0,0,0,0
1074,"Store_Forsvatn",59428,6627897,843,7.22783422,108.5,9.1578,3.222732288,0.182616788318314,0,1,1992,"Jensen",1749.5,1,1,0,0,0,0,0,0,0,0,0,0,0,0,0,0,0,0,0,0,0,0,0
1075,"Langvatn",62461,6637565,1042,6.92286587,107.66,4.70927,2.153696911,0.741925595315861,1,0,1993,"Jensen",1089.166667,1,1,0,0,0,0,0,0,0,0,0,0,0,0,0,0,0,0,0,0,0,0,0
1076,"Baastogvatn",58411,6635630,1090,6.58027506,108.14,6.32237,0.79467706,0.273625037904083,1,1,1992,"Jensen",2311.333333,1,1,0,0,0,0,0,0,0,0,0,0,0,0,0,0,0,0,0,0,0,0,0
1078,"Saesvatn",74876,6635818,897,8.54771042,117.13,5.50863,3.555219823,-0.217039754238136,0,1,1991,"Jensen",601.25,2,2,0,1,0,0,0,0,0,0,0,0,0,0,0,0,0,0,0,0,0,0,0
1274,"Fyresvatn",108593,6571723,281,13.80469036,131.52,9.59034,49.50285111,-0.247108652905579,0,1,1981,"Jensen",664.2777778,3,3,1,0,1,0,0,0,0,0,0,0,0,0,0,0,0,0,0,0,0,0,0
1278,"Borsae",90407,6606391,756,9.66569614,119.98,9.24831,8.901895145,0.29862430203756,1,1,1996,"Jensen",1080,1,1,0,0,0,0,0,0,0,0,0,0,0,0,0,0,0,0,0,0,0,0,0
1318,"Herefossfjorden",111777,6502532,79,14.71162033,136.7,5.82824,4.021755009,0.337502902927914,0,0,1977,"Jensen",110.6666667,3,3,0,0,1,0,0,0,0,0,0,0,0,0,0,0,0,0,0,0,0,0,0
1347,"Isteren",330736,6876530,645,10.92346954,122.64,5.11503,28.77057233,0.482147989061238,0,0,1979,"Jensen",54.81481481,7,3,0,1,1,1,1,1,0,0,0,0,0,0,0,0,0,0,0,0,0,0,0
1449,"Stolsvatnet",887,6802368,557,9.90201855,121.23,9.5932,3.76,-0.0479182429436472,1,1,2008,"Nordic",2150.222222,1,1,0,0,0,0,0,0,0,0,0,0,0,0,0,0,0,0,0,0,0,0,0
1450,"arsdalsvatnet",5759,6798771,488,9.98470592,113.05,9.94841,1.34,-0.170340999955702,0,1,2001,"Nordic",2289.751852,1,1,0,0,0,0,0,0,0,0,0,0,0,0,0,0,0,0,0,0,0,0,0
1452,"Myrestolsvatnet",-2337,6802129,564,9.93963909,121.39,6.38971,0.26,-0.16967189191882,1,0,2008,"Nordic",2784.814815,1,1,0,0,0,0,0,0,0,0,0,0,0,0,0,0,0,0,0,0,0,0,0
1453,"Tverrvatnet",3204,6801719,488,12.80626965,120.04,11.9755,0.34,0.0612330495344495,0,1,2001,"Nordic",2802.172222,1,1,0,0,0,0,0,0,0,0,0,0,0,0,0,0,0,0,0,0,0,0,0
1454,"Fridalsvatnet",1643,6797575,685,9.61988163,116.1,6.39839,1.32,-0.180933175002769,1,1,2008,"Nordic",866.6666667,1,1,0,0,0,0,0,0,0,0,0,0,0,0,0,0,0,0,0,0,0,0,0
1455,"oystrebotnvatnet",9161,6799665,646,9.64867401,114.05,12.881,0.23,-0.239982591901647,0,0,2001,"Nordic",2149.211111,1,1,0,0,0,0,0,0,0,0,0,0,0,0,0,0,0,0,0,0,0,0,0
1465,"Skjellingavatnet",37838,6786382,969,7.59734201,107.86,5.625,1.13,0.332908009831098,1,1,2007,"Nordic",511.9444444,1,1,0,0,0,0,0,0,0,0,0,0,0,0,0,0,0,0,0,0,0,0,0
1466,"Malsetevatnet",41439,6790587,863,8.79178429,111.4,8.489,1.1,-0.542734977349532,0,1,2007,"Nordic",724.1666667,1,1,0,0,0,0,0,0,0,0,0,0,0,0,0,0,0,0,0,0,0,0,0
1467,"arebotnvatnet",43423,6788330,994,8.23122692,108.87,9.71015,0.63,-0.00967213506005076,1,1,2007,"Nordic",1734.416667,1,1,0,0,0,0,0,0,0,0,0,0,0,0,0,0,0,0,0,0,0,0,0
1468,"Kvilesteinsvatnet",30694,6785306,920,8.14999008,109.18,8.90098,3.56,0.0327186632328344,1,1,2007,"Nordic",883.8095238,1,1,0,0,0,0,0,0,0,0,0,0,0,0,0,0,0,0,0,0,0,0,0
1496,"Feiosdalvatnet",52942,6790589,1073,7.77166891,105.58,11.2161,0.27,-0.181634203121101,1,1,2007,"Nordic",792.6666667,1,1,0,0,0,0,0,0,0,0,0,0,0,0,0,0,0,0,0,0,0,0,0
1498,"Vetlebotnvatnet",95732,6761854,1025,6.2471261,103.48,8.13522,0.74,0.301712186636293,0,1,2009,"Nordic",1315.407407,1,1,0,0,0,0,0,0,0,0,0,0,0,0,0,0,0,0,0,0,0,0,0
1499,"Vestredalsmagasinet",95409,6755717,1152,5.89171314,101.91,7.98707,2.27,-0.464694749062914,1,1,2001,"Nordic",1188.855556,1,1,0,0,0,0,0,0,0,0,0,0,0,0,0,0,0,0,0,0,0,0,0
1500,"Alvsvatnet",87313,6757141,1438,4.03417683,100.68,6.18524,0.51,0.23010730023414,1,0,2006,"Nordic",3530.333333,1,1,0,0,0,0,0,0,0,0,0,0,0,0,0,0,0,0,0,0,0,0,0
1503,"StoreVargevatnet",90679,6753782,1432,3.67017794,99.47,6.1714,4.89,0.0106707554440701,1,1,2006,"Nordic",975,1,1,0,0,0,0,0,0,0,0,0,0,0,0,0,0,0,0,0,0,0,0,0
1505,"Reppavatnet",83659,6764505,1307,4.42818499,101.85,7.09376,0.33,-0.152912237056572,0,1,2006,"Nordic",3706.444444,1,1,0,0,0,0,0,0,0,0,0,0,0,0,0,0,0,0,0,0,0,0,0
1506,"StoreKreklevatnet",81396,6763669,1477,4.34023523,100.32,5.60308,1.13,-0.107086802309571,1,1,2006,"Nordic",1959.833333,1,1,0,0,0,0,0,0,0,0,0,0,0,0,0,0,0,0,0,0,0,0,0
1517,"Svartavatnet",91596,6756594,1441,3.65740299,99.87,6.01203,2.68,-0.458776712122205,1,1,2006,"Nordic",1641.611111,1,1,0,0,0,0,0,0,0,0,0,0,0,0,0,0,0,0,0,0,0,0,0
1518,"NedreMellomvatnet",89839,6758258,1451,4.18719006,99.68,5.5278,1.05,-0.139503438752263,1,1,2006,"Nordic",1598.5,1,1,0,0,0,0,0,0,0,0,0,0,0,0,0,0,0,0,0,0,0,0,0
1552,"Froylandsvatnet",-37979,6550735,24,13.82703972,146.43,2.68155,4.664272796,0.25254286935292,0,0,1990,"Jensen",978,4,3,0,0,1,0,0,0,0,0,0,1,1,0,0,0,0,0,0,0,0,0,0
1560,"Eldrevatnet",129668,6782299,1116,6.81117487,111.04,11.217,3.5,-0.306307262072822,1,1,2007,"Nordic",1556.333333,1,1,0,0,0,0,0,0,0,0,0,0,0,0,0,0,0,0,0,0,0,0,0
1561,"Sulevatnet",135316,6790323,1420,4.72577381,104.52,9.61431,2.97,-0.0683010285552471,1,1,2007,"Nordic",256.6666667,1,1,0,0,0,0,0,0,0,0,0,0,0,0,0,0,0,0,0,0,0,0,0
1563,"Kvevatnet",105830,6771368,1473,3.98838091,101.07,3.54951,6.42,0.462955905121574,1,1,2007,"Nordic",959.5833333,1,1,0,0,0,0,0,0,0,0,0,0,0,0,0,0,0,0,0,0,0,0,0
1566,"oljusjoen",126361,6777112,1333,5.49551678,107.55,5.0747,8.7,-0.379889139044529,1,1,2007,"Nordic",665,1,1,0,0,0,0,0,0,0,0,0,0,0,0,0,0,0,0,0,0,0,0,0
1568,"VesleJuklevatnet",132480,6784780,1280,5.86965513,108.72,11.3994,0.79,0.0260624222219472,1,1,2007,"Nordic",1964.444444,1,1,0,0,0,0,0,0,0,0,0,0,0,0,0,0,0,0,0,0,0,0,0
1569,"StoreJuklevatn",135818,6784560,1286,5.72618818,107.38,11.7582,3.1,-0.352795720744345,1,1,2007,"Nordic",2258.148148,1,1,0,0,0,0,0,0,0,0,0,0,0,0,0,0,0,0,0,0,0,0,0
1572,"Torolmen",128689,6812429,1050,6.31653309,107.19,8.74089,1.65,-0.094025636795266,1,1,2008,"Nordic",990,1,1,0,0,0,0,0,0,0,0,0,0,0,0,0,0,0,0,0,0,0,0,0
1573,"Tyin",136455,6814198,1084,6.4662571,106.46,8.48044,33.29,-0.211700811247138,1,1,2008,"Nordic",560,1,1,0,0,0,0,0,0,0,0,0,0,0,0,0,0,0,0,0,0,0,0,0
1574,"Koldedalsvatn",134198,6823751,1180,5.51153183,100.89,11.5162,1.863957785,-0.497486709796142,0,0,1975,"Jensen",328.3333333,1,1,0,0,0,0,0,0,0,0,0,0,0,0,0,0,0,0,0,0,0,0,0
1576,"HeimreKrekavatnet",120512,6810811,1329,5.20176601,104.88,6.07454,1.56,-0.124402328333531,1,1,2008,"Nordic",3128.888889,1,1,0,0,0,0,0,0,0,0,0,0,0,0,0,0,0,0,0,0,0,0,0
1577,"Viervatnet",118790,6809407,1230,5.6467452,104.91,9.97351,0.77,-0.134066470544095,0,1,2008,"Nordic",572.5252525,1,1,0,0,0,0,0,0,0,0,0,0,0,0,0,0,0,0,0,0,0,0,0
1578,"Mannsbergvatnet",127689,6816127,1344,4.79225683,104.93,6.34146,2.38,0.0529614511602186,1,1,2008,"Nordic",1233.333333,1,1,0,0,0,0,0,0,0,0,0,0,0,0,0,0,0,0,0,0,0,0,0
1580,"Smaloyftevatnet",117622,6812369,1207,4.94640779,110.87,6.73144,0.17,0.12695823236237,0,1,2008,"Nordic",1066.666667,1,1,0,0,0,0,0,0,0,0,0,0,0,0,0,0,0,0,0,0,0,0,0
1581,"Biskopvatnet",122909,6810644,1350,4.90977716,104.4,7.27398,0.75,-0.211392232606248,1,1,2008,"Nordic",4200,1,1,0,0,0,0,0,0,0,0,0,0,0,0,0,0,0,0,0,0,0,0,0
1583,"Kyrkjevatnet",125979,6817621,1352,4.52781391,107.28,4.84307,0.81,0.039569908428133,1,1,2008,"Nordic",684.4444444,1,1,0,0,0,0,0,0,0,0,0,0,0,0,0,0,0,0,0,0,0,0,0
1584,"Middalsvatnet",123663,6861241,1283,4.80576515,99.58,8.9298,0.1,-0.182065696239874,1,1,2003,"Nordic",958.8888889,1,1,0,0,0,0,0,0,0,0,0,0,0,0,0,0,0,0,0,0,0,0,0
1588,"Skalavatnet",121452,6846886,1015,4.42207909,103.56,8.62878,1.15,-0.177932335527343,1,1,2003,"Nordic",1006.296296,1,1,0,0,0,0,0,0,0,0,0,0,0,0,0,0,0,0,0,0,0,0,0
1593,"NedreGronevatnet",122503,6855017,1299,4.6609869,101.01,8.73568,0.28,-0.277798041335923,1,1,2003,"Nordic",840.5833333,1,1,0,0,0,0,0,0,0,0,0,0,0,0,0,0,0,0,0,0,0,0,0
1594,"ovreGronevatnet",123618,6856085,1333,4.27212811,100.42,7.4267,0.42,-0.454624453164893,1,1,2003,"Nordic",801.5277778,1,1,0,0,0,0,0,0,0,0,0,0,0,0,0,0,0,0,0,0,0,0,0
1595,"ovreHervavatnet",122002,6843867,1305,4.45763397,103.16,7.49535,1.02,0.0914261072314622,1,1,2003,"Nordic",676.6666667,1,1,0,0,0,0,0,0,0,0,0,0,0,0,0,0,0,0,0,0,0,0,0
1596,"Prestesteinsvatnet",125695,6843877,1357,4.46281099,102.69,5.77128,4.12,0.190030912464736,1,1,2003,"Nordic",824.5714286,1,1,0,0,0,0,0,0,0,0,0,0,0,0,0,0,0,0,0,0,0,0,0
1597,"Gravdalsvatnet",115386,6856745,1268,5.83762598,99.77,11.2537,0.6,-0.0610746845309727,1,1,2003,"Nordic",335.4166667,1,1,0,0,0,0,0,0,0,0,0,0,0,0,0,0,0,0,0,0,0,0,0
1606,"NedreBreiddalsvatnet",23019,6823660,735,9.47598553,109.57,12.4103,0.79,-0.494877729261993,0,1,2002,"Nordic",1419.772222,1,1,0,0,0,0,0,0,0,0,0,0,0,0,0,0,0,0,0,0,0,0,0
1607,"ovreBreiddalsvatnet",24256,6825481,802,8.48770809,109.24,9.48393,1.02,-0.423147022037488,0,1,2009,"Nordic",746.6666667,1,1,0,0,0,0,0,0,0,0,0,0,0,0,0,0,0,0,0,0,0,0,0
1608,"Hogsvatnet",29867,6820260,694,9.79336166,107.46,13.6108,0.9,-0.149064598361001,0,1,2009,"Nordic",2019.925926,1,1,0,0,0,0,0,0,0,0,0,0,0,0,0,0,0,0,0,0,0,0,0
1609,"Kaldosvatnet",31698,6818474,714,9.46650696,106.53,14.7385,0.95,-0.372851766868777,0,1,2002,"Nordic",884.4,1,1,0,0,0,0,0,0,0,0,0,0,0,0,0,0,0,0,0,0,0,0,0
1610,"Stolsvatnet",34976,6818016,771,8.4034462,104.77,14.2454,0.53,-0.580135246971351,1,1,2009,"Nordic",705.6,1,1,0,0,0,0,0,0,0,0,0,0,0,0,0,0,0,0,0,0,0,0,0
1611,"Hardbakkavatnet",36319,6817689,830,8.78832722,104.49,12.1491,0.52,-0.473928379960126,0,1,2002,"Nordic",40,1,1,0,0,0,0,0,0,0,0,0,0,0,0,0,0,0,0,0,0,0,0,0
1612,"Vassdalsvatnet",20104,6822481,683,9.54274654,116.27,13.4506,0.2,-0.338469703729085,0,1,2009,"Nordic",446.4444444,1,1,0,0,0,0,0,0,0,0,0,0,0,0,0,0,0,0,0,0,0,0,0
1613,"Roesvatnet",28898,6820909,627,7.87586498,107.7,13.6024,0.21,-0.306584591851112,0,1,2009,"Nordic",2569.6,1,1,0,0,0,0,0,0,0,0,0,0,0,0,0,0,0,0,0,0,0,0,0
1616,"Norddalsvatnet",31784,6821625,804,9.08893776,106.46,12.2198,0.8,-0.321883262939786,0,1,2002,"Nordic",681.6833333,1,1,0,0,0,0,0,0,0,0,0,0,0,0,0,0,0,0,0,0,0,0,0
1619,"Bergsvatnet",14580,6819759,597,10.2140398,120.13,8.46678,3.1,0.0204978585106718,0,1,2002,"Nordic",727.7904762,1,1,0,0,0,0,0,0,0,0,0,0,0,0,0,0,0,0,0,0,0,0,0
1621,"Uldalsvatn",13756,6821336,597,9.47516632,118.1,9.99471,0.291837936,-0.23224604782969,0,1,1974,"Jensen",556.6666667,1,1,0,0,0,0,0,0,0,0,0,0,0,0,0,0,0,0,0,0,0,0,0
1622,"Fossvatn/Lonene",15258,6825851,610,10.0506897,114.29,7.03125,0.715682985,-0.133207992151157,0,1,1974,"Jensen",1457.5,1,1,0,0,0,0,0,0,0,0,0,0,0,0,0,0,0,0,0,0,0,0,0
1623,"Monsdalsvatnet",17473,6824513,634,8.78334808,113.85,6.60381,1.18,-0.227906438013557,0,1,2002,"Nordic",1146,1,1,0,0,0,0,0,0,0,0,0,0,0,0,0,0,0,0,0,0,0,0,0
1626,"Nordstrandsvatn",-10267,6819471,239,12.04714966,129.61,8.5087,2.29,-0.318048209533477,0,1,2001,"Nordic",3503.133333,1,1,0,0,0,0,0,0,0,0,0,0,0,0,0,0,0,0,0,0,0,0,0
1628,"Langevatnet",12443,6820630,749,9.05108261,122.95,6.81979,0.25,-0.163511983434393,1,1,2009,"Nordic",785.0666667,1,1,0,0,0,0,0,0,0,0,0,0,0,0,0,0,0,0,0,0,0,0,0
1633,"Vadheimsvatnet",13691,6825932,580,9.80366516,122.05,9.83261,0.08,-0.219897167974007,0,0,2009,"Nordic",948.75,1,1,0,0,0,0,0,0,0,0,0,0,0,0,0,0,0,0,0,0,0,0,0
1634,"Blavatn",15748,6824447,642,9.56757545,122.33,14.3924,0.43,-0.26918346085841,1,1,1997,"Nordic",589.2,1,1,0,0,0,0,0,0,0,0,0,0,0,0,0,0,0,0,0,0,0,0,0
1636,"VestreStorevatnet",14835,6829238,852,8.60650539,114.88,4.29332,0.39,-0.288330544129769,0,1,2009,"Nordic",168,1,1,0,0,0,0,0,0,0,0,0,0,0,0,0,0,0,0,0,0,0,0,0
1741,"Botnastolsvatnet",-19724,6847887,295.3,10.85569954,127.42,12.0325,0.31,-0.364073863114314,0,1,2004,"Nordic",831.25,1,1,0,0,0,0,0,0,0,0,0,0,0,0,0,0,0,0,0,0,0,0,0
1742,"Svadvatnet",-19927,6847069,391.6,10.47064018,126.93,14.6345,0.38,0.00866316177540838,0,1,2004,"Nordic",1193.75,1,1,0,0,0,0,0,0,0,0,0,0,0,0,0,0,0,0,0,0,0,0,0
1744,"oyravatnet",-14495,6851567,43,11.6983099,125.55,11.6432,0.82,0.00291237696010337,0,1,2004,"Nordic",2018.177778,2,2,1,0,0,0,0,0,0,0,0,0,0,0,0,0,0,0,0,0,0,0,0
1745,"Markavatnet",-14166,6849510,164.4,12.30720043,124.39,9.02111,1.08,-0.134081940039935,0,1,2004,"Nordic",1481.644444,1,1,0,0,0,0,0,0,0,0,0,0,0,0,0,0,0,0,0,0,0,0,0
1746,"Bjornastigvatnet",-9186,6847782,492,9.74194813,122.46,22.2929,0.63,-0.0569104580202016,0,1,2004,"Nordic",966.1666667,1,1,0,0,0,0,0,0,0,0,0,0,0,0,0,0,0,0,0,0,0,0,0
1747,"Vonavatn",24878,6863686,466,10.67751026,114.96,13.1611,1.597053515,-0.246941564191815,0,0,1975,"Jensen",603.3333333,2,2,1,0,0,0,0,0,0,0,0,0,0,0,0,0,0,0,0,0,0,0,0
1748,"Yste_Langevatn",33375,6863008,750,8.34303665,108.43,16.0226,1.190086866,-0.275424816157241,0,0,1974,"Jensen",2148,1,1,0,0,0,0,0,0,0,0,0,0,0,0,0,0,0,0,0,0,0,0,0
1751,"Trodalsvatn",21462,6856609,418,9.031991,119.89,18.3147,1.20980247,-0.0839540764807448,0,0,1974,"Jensen",62,2,2,1,0,0,0,0,0,0,0,0,0,0,0,0,0,0,0,0,0,0,0,0
1756,"Emhjellevatnet",12770,6869410,125.2,12.61168957,120.17,15.2942,11.47,-0.119631587237708,0,1,2008,"Nordic",1492.592593,3,3,1,0,0,0,0,0,1,0,0,0,0,0,0,0,0,0,0,0,0,0,0
1760,"Storevatn",10396,6872944,477.5,10.0604496,111.79,10.1157,1.38,-0.0274548601157284,0,1,2008,"Nordic",1413.611111,2,2,1,0,0,0,0,0,0,0,0,0,0,0,0,0,0,0,0,0,0,0,0
1765,"Storebotnvatnet",-2490,6879659,380,11.02519989,103.53,16.9781,3,-0.0416479047721721,0,1,2002,"Nordic",1498.108333,1,1,0,0,0,0,0,0,0,0,0,0,0,0,0,0,0,0,0,0,0,0,0
1769,"Borevatnet",-12938,6874946,502,10.0506897,110.05,14.4189,0.6,-0.54574383852632,0,1,2002,"Nordic",4484.388889,1,1,0,0,0,0,0,0,0,0,0,0,0,0,0,0,0,0,0,0,0,0,0
1772,"Storevatn",29051,6870921,484,10.96117973,112.55,13.7178,3.114247154,-0.35475911326713,0,0,1975,"Jensen",571.4166667,1,1,0,0,0,0,0,0,0,0,0,0,0,0,0,0,0,0,0,0,0,0,0
1773,"Indrehusvatnet",-14972,6880786,1,11.89113045,116.45,12.2029,0.71,-0.248210512829271,0,0,2008,"Nordic",906.4,11,3,1,0,0,0,0,0,1,1,1,0,0,0,0,0,0,0,1,1,1,1,1
1774,"Handklevatnet",-13721,6877026,502,8.62392044,111.89,9.23166,1.09,-0.304018755934358,0,1,2002,"Nordic",2210,1,1,0,0,0,0,0,0,0,0,0,0,0,0,0,0,0,0,0,0,0,0,0
1775,"Svelgsvatnet",-8932,6888239,231,11.55358028,113.64,14.1168,1.34,0.565394779633555,0,1,2002,"Nordic",537.7555556,1,1,0,0,0,0,0,0,0,0,0,0,0,0,0,0,0,0,0,0,0,0,0
1776,"Sordalsvatn",-6097,6889153,270,10.06212997,112.05,12.4103,0.8,-0.0115139636077651,0,1,1996,"Nordic",702.2222222,1,1,0,0,0,0,0,0,0,0,0,0,0,0,0,0,0,0,0,0,0,0,0
1778,"Langevatnet",-2490,6891828,370,11.21240044,119.52,8.95507,0.6,-0.0436588314143251,0,0,2002,"Nordic",1097.538889,1,1,0,0,0,0,0,0,0,0,0,0,0,0,0,0,0,0,0,0,0,0,0
1781,"Storevatnet/oksendalsvatn",16016,6889428,389.7,11.39027023,103.97,19.4257,0.45,-0.132187124031671,0,1,2004,"Nordic",1251.25,1,1,0,0,0,0,0,0,0,0,0,0,0,0,0,0,0,0,0,0,0,0,0
1782,"Bjorndalsvatnet",16092,6887307,494,10.79574013,102.41,18.9698,0.77,-0.28709006051493,0,1,2004,"Nordic",1023,1,1,0,0,0,0,0,0,0,0,0,0,0,0,0,0,0,0,0,0,0,0,0
1786,"Risevatnet",-9669,6885017,25,13.07824993,115.37,22.0917,2.19,-0.295026128824907,0,0,2008,"Nordic",1860,3,3,0,0,0,0,0,0,1,1,0,0,0,0,0,0,0,0,0,0,0,0,0
1787,"Vingevatnet",-5080,6892758,428.5,10.77163029,116.06,11.1045,1.38,0.0662392868972802,0,1,2002,"Nordic",1229.683333,1,1,0,0,0,0,0,0,0,0,0,0,0,0,0,0,0,0,0,0,0,0,0
1788,"Dauremalsvatn",12369,6889282,563,7.84454393,115.18,22.4343,1.86,-0.507073391294303,0,1,1996,"Nordic",3556.088889,1,1,0,0,0,0,0,0,0,0,0,0,0,0,0,0,0,0,0,0,0,0,0
1795,"Litleteigvatnet",-12786,6879818,494,10.20376968,116.17,8.32298,0.29,-0.42088109448846,0,1,2002,"Nordic",1758.777778,1,1,0,0,0,0,0,0,0,0,0,0,0,0,0,0,0,0,0,0,0,0,0
1796,"Hjelmevatnet",-3473,6888325,495.5,10.19515991,110,11.3138,3.1,0.0327912702148835,0,1,2002,"Nordic",1641.566667,1,1,0,0,0,0,0,0,0,0,0,0,0,0,0,0,0,0,0,0,0,0,0
1797,"Nibbevatnet",-3153,6892849,403.5,10.89717007,123.04,4.02796,0.53,-0.0995824181437249,1,1,2008,"Nordic",876.1111111,1,1,0,0,0,0,0,0,0,0,0,0,0,0,0,0,0,0,0,0,0,0,0
1805,"Oldevatnet",68567,6873875,37,13.39830971,106.43,25.0335,2.786287836,-0.265362274553816,0,0,1987,"Jensen",4236.5,3,3,1,0,0,0,0,0,1,0,0,0,0,0,0,0,0,0,0,0,0,0,0
1855,"Krossvatnet",41840,6620284,1090,6.65329599,101.88,5.06015,1.258266103,0.846117227157352,0,0,1991,"Jensen",1234.444444,1,1,0,0,0,0,0,0,0,0,0,0,0,0,0,0,0,0,0,0,0,0,0
1885,"Lauvastolvatnet",30841,6625044,605,8.61326313,113.35,13.1218,0.869534072,0.0283009827421564,0,1,1991,"Jensen",2275.833333,1,1,0,0,0,0,0,0,0,0,0,0,0,0,0,0,0,0,0,0,0,0,0
1887,"Mostolvatnet",39077,6631807,600,8.74349785,110.99,18.6622,0.331820758,0.0358513906976452,0,0,1991,"Jensen",1413.333333,1,1,0,0,0,0,0,0,0,0,0,0,0,0,0,0,0,0,0,0,0,0,0
1906,"Isdalsvatn",76543,6726144,832,8.05351734,108.24,9.15163,1.066576979,-0.416765304370624,0,0,1975,"Jensen",3563.809524,1,1,0,0,0,0,0,0,0,0,0,0,0,0,0,0,0,0,0,0,0,0,0
1907,"Sysenvatn",83072,6722399,940,7.79712391,106.6,6.78639,10.38038287,-0.546871366563335,0,0,1975,"Jensen",1844.952381,1,1,0,0,0,0,0,0,0,0,0,0,0,0,0,0,0,0,0,0,0,0,0
1950,"Sedalsvatnet",14464,6937961,205,10.75494003,132.61,10.5503,1.279824373,0.0580543049291474,0,1,1987,"Jensen",803.1746032,1,1,0,0,0,0,0,0,0,0,0,0,0,0,0,0,0,0,0,0,0,0,0
1987,"Ulvaadalsvatn",129325,6923298,857,7.35748482,105.8,15.9596,2.134518187,-0.191216813771598,0,0,1983,"Jensen",2876.571429,1,1,0,0,0,0,0,0,0,0,0,0,0,0,0,0,0,0,0,0,0,0,0
1999,"Store_Sandgrovvatn",143933,6937679,1084,6.07996702,106.33,12.9079,2.645326289,-0.0316573695120134,1,1,1984,"Jensen",964.7777778,1,1,0,0,0,0,0,0,0,0,0,0,0,0,0,0,0,0,0,0,0,0,0
2029,"Holmavatn",27707,6647634,743,9.13410473,106.98,7.36182,1.626784675,0.127118974939289,0,1,1974,"Jensen",964.6666667,1,1,0,0,0,0,0,0,0,0,0,0,0,0,0,0,0,0,0,0,0,0,0
2030,"Svarthol",28525,6649960,750,8.71435547,103.39,9.31358,0.179421017,-0.366346600845007,0,0,1974,"Jensen",967.8333333,1,1,0,0,0,0,0,0,0,0,0,0,0,0,0,0,0,0,0,0,0,0,0
2032,"Helgedalsvatn",18107,6654621,812,9.34812164,105.45,8.07115,0.802261193,-0.320449650062319,0,1,1974,"Jensen",148.3333333,1,1,0,0,0,0,0,0,0,0,0,0,0,0,0,0,0,0,0,0,0,0,0
2101,"Gjevilvatn",214846,6962630,660,9.30348396,115.66,15.274,21.05650881,-0.37438196937864,1,1,1971,"Jensen",233.1428571,2,2,1,0,0,0,0,0,0,0,0,0,0,0,0,0,0,0,0,0,0,0,0
2103,"Dalsvatn",205725,6961180,581,7.55177784,115.73,16.0205,0.519124463,-0.392306337826512,0,0,1971,"Jensen",929.1428571,1,1,0,0,0,0,0,0,0,0,0,0,0,0,0,0,0,0,0,0,0,0,0
2104,"aangaardsvatn",201546,6962491,582,8.28649426,115.64,15.2949,3.322649663,-0.715325831549252,0,0,1971,"Jensen",1226.666667,1,1,0,0,0,0,0,0,0,0,0,0,0,0,0,0,0,0,0,0,0,0,0
2109,"Torbuvatn",169490,6938022,849,7.51675606,115.9,10.4734,2.365397865,-0.227131271740371,0,0,1977,"Jensen",629.3333333,2,2,0,0,0,0,0,1,0,0,0,0,0,0,0,0,0,0,0,0,0,0,0
2141,"Krokevatnet",-1439,6797255,597,9.766119,115.4,7.44462,2.86,0.279662734795954,1,1,2008,"Nordic",2946.666667,1,1,0,0,0,0,0,0,0,0,0,0,0,0,0,0,0,0,0,0,0,0,0
2146,"ostre_Tovatn",192192,6967650,755,6.74780893,112.85,11.6232,2.720377904,-0.164573383791737,0,0,1971,"Jensen",1196.761905,1,1,0,0,0,0,0,0,0,0,0,0,0,0,0,0,0,0,0,0,0,0,0
2147,"Storvatn",150100,7006784,57,12.40252972,139.61,8.55279,3.178673231,-0.29610136251081,0,0,1975,"Jensen",269.3333333,3,3,1,0,0,0,0,0,1,0,0,0,0,0,0,0,0,0,0,0,0,0,0
2154,"Follsjo",202384,6994929,420,10.19892025,116.06,13.2345,6.731447546,-0.317790993142489,0,1,1976,"Jensen",3198.5,1,1,0,0,0,0,0,0,0,0,0,0,0,0,0,0,0,0,0,0,0,0,0
2155,"Graasjo",205389,6987118,483,8.75945282,115.46,13.2215,10.50180339,0.508429492717627,0,1,1976,"Jensen",2133.733333,1,1,0,0,0,0,0,0,0,0,0,0,0,0,0,0,0,0,0,0,0,0,0
2159,"Lille_Bovervatn/Almbergvatnet",192934,7008806,343,10.43548012,128.64,4.83502,2.059035141,0.363396736618162,0,1,1977,"Jensen",2373.333333,2,2,1,0,0,0,0,0,0,0,0,0,0,0,0,0,0,0,0,0,0,0,0
2162,"Solaasvatn",190099,7005384,336,11.32215023,129.34,4.05166,1.406527569,0.105448807254319,0,1,1977,"Jensen",746.9166667,3,3,1,1,0,0,0,0,0,0,0,0,0,0,0,0,0,0,0,0,0,0,0
2164,"Andersvatn",190460,7003922,305,11.04349041,130.53,5.77032,1.296209561,0.484841232042229,0,1,1977,"Jensen",1234.111111,3,3,1,0,0,0,0,0,1,0,0,0,0,0,0,0,0,0,0,0,0,0,0
2279,"Jiesjavrre",855887,7754918,390,10.65641022,113.99,1.70917,68.55061,-0.270769543622681,0,0,1973,"Jensen",174.4444444,7,3,1,0,0,1,1,1,1,0,0,0,0,0,0,0,0,0,0,0,0,0,0
2343,"Holmvatn/Doallatjavri",886921,7887197,206,9.46700668,117.41,3.61341,1.141978373,-0.0988245310761957,0,1,1976,"Jensen",2558.333333,1,1,0,0,0,0,0,0,0,0,0,0,0,0,0,0,0,0,0,0,0,0,0
2426,"Fuglevann",1032422,7826598,184,10.14455032,113.98,3.65741,2.79350795,0.0212597627874451,0,1,1984,"Jensen",349.8333333,2,2,1,0,0,0,0,0,0,0,0,0,0,0,0,0,0,0,0,0,0,0,0
2431,"Garsjoen",1029589,7817275,246,10.59344006,113.34,2.99257,9.737689308,-0.199844441093719,0,1,1984,"Jensen",22.5,3,3,1,0,0,0,1,0,0,0,0,0,0,0,0,0,0,0,0,0,0,0,0
2489,"Riskalsvatnet",108818,6802543,980.3,8.07484722,107.49,8.78094,1.31,-0.248011668024608,0,1,2008,"Nordic",1022.222222,1,1,0,0,0,0,0,0,0,0,0,0,0,0,0,0,0,0,0,0,0,0,0
2540,"Berdalsvatnet",115462,6812467,1060,6.460392,109.36,9.96935,1.22,0.333776271584997,0,1,2008,"Nordic",990,1,1,0,0,0,0,0,0,0,0,0,0,0,0,0,0,0,0,0,0,0,0,0
3859,"Langtjern",287149,6718425,509,12.60682964,137.44,4.34659,0.1417051,-0.21624654963761,1,0,1989,"Jensen",268.3333333,3,3,0,1,0,0,0,0,0,0,0,0,0,0,0,0,0,0,0,0,0,0,0
3864,"Holmtjern",288243,6718350,483,12.84033012,137.18,7.03506,0.197839956,0.267668715397419,1,0,1989,"Jensen",1127,3,3,0,1,0,0,0,0,0,0,0,0,0,0,0,0,0,0,0,0,0,0,0
3868,"Katlamagasinet",91318,6762752,1340,4.31156683,103.72,6.15395,1.7,0.204290120130471,1,1,2006,"Nordic",1107.333333,1,1,0,0,0,0,0,0,0,0,0,0,0,0,0,0,0,0,0,0,0,0,0
3876,"Syljutjern",286384,6716979,479,12.91184998,137.66,4.07586,0.017690347,-0.0306976734070574,1,0,1989,"Jensen",685,3,3,0,1,0,0,0,0,0,0,0,0,0,0,0,0,0,0,0,0,0,0,0
3965,"Gronnsjoen",298288,6706744,436,13.02103043,137.13,3.56596,0.149350101,0.00392905714292029,1,0,1989,"Jensen",433.3333333,4,3,1,1,0,0,0,0,0,0,0,0,0,0,0,0,0,0,0,0,0,0,0
3972,"Vesle_Byua",287867,6706945,422,13.08901978,137.92,5.38931,0.100034034,-0.138193634939711,1,0,1989,"Jensen",988.3333333,3,3,0,1,0,0,0,0,0,0,0,0,0,0,0,0,0,0,0,0,0,0,0
4017,"Krafttjern",286170,6699813,364,13.50279045,140.46,7.80084,0.210354755,0.0760841372610301,1,0,1989,"Jensen",808.3333333,3,3,0,1,0,0,0,0,0,0,0,0,0,0,0,0,0,0,0,0,0,0,0
4023,"Byfella",285793,6699240,355,13.50279045,139.96,7.94607,0.156519801,-0.130593306992192,1,0,1989,"Jensen",493.3333333,3,3,0,1,0,0,0,0,0,0,0,0,0,0,0,0,0,0,0,0,0,0,0
4027,"Kinna",284765,6699132,312,13.59253025,139.74,7.35272,0.05767889,0.418530505345321,1,0,1989,"Jensen",517,3,3,0,1,0,0,0,0,0,0,0,0,0,0,0,0,0,0,0,0,0,0,0
4049,"Utsjoen",301789,6694437,270,14.09224987,139.01,4.40667,0.682396919,0.0790325156951798,1,0,1989,"Jensen",612.6666667,3,3,0,1,0,0,0,0,0,0,0,0,0,0,0,0,0,0,0,0,0,0,0
5746,"Store_Svarttjern",220432,6621384,432,13.28859043,143.69,7.31438,0.04950628,0.571857888102965,0,0,1979,"Jensen",280.6666667,3,3,0,1,0,0,0,0,0,0,0,0,0,0,0,0,0,0,0,0,0,0,0
6477,"Svartangen",205923,6592956,278,14.40487957,138.81,4.48558,0.844400894,0.316595592643631,0,1,1983,"Jensen",597.6666667,2,2,0,0,0,0,0,0,0,0,0,0,0,0,0,0,0,0,0,0,0,0,0
10326,"Gauslaafjorden",113760,6508654,103,15.12790012,136.02,6.22449,1.012863669,-0.356487015389669,0,0,1977,"Jensen",1346.666667,3,3,0,0,1,0,0,0,0,0,0,0,0,0,0,0,0,0,0,0,0,0,0
11067,"Flakksvatn",102561,6485481,22,15.22239017,138.33,5.31047,0.654333256,-0.0789550749080054,0,0,1977,"Jensen",2009.666667,5,3,0,0,1,0,0,0,1,0,0,0,1,0,0,0,0,0,0,0,0,0,0
12178,"Landsetvatn",140671,6658067,1078,7.49983311,126.45,7.40306,0.221335578,0.0703790574583347,0,0,1992,"Jensen",1025,1,1,0,0,0,0,0,0,0,0,0,0,0,0,0,0,0,0,0,0,0,0,0
12331,"Middeltjonn",118970,6655959,1072,8.80113983,127.34,5.82758,0.043963065,0.131371138558659,0,0,1992,"Jensen",4238.333333,1,1,0,0,0,0,0,0,0,0,0,0,0,0,0,0,0,0,0,0,0,0,0
12640,"Eivindbuvatn",69381,6650723,800,8.00356197,107.08,11.3942,0.557973927,0.376423769031704,1,0,1985,"Jensen",777.3333333,2,2,0,1,0,0,0,0,0,0,0,0,0,0,0,0,0,0,0,0,0,0,0
12653,"Venemovatn",81868,6648889,703,9.84499359,113.81,7.96555,1.32280796,0.679863685928218,0,1,1997,"Jensen",890.6666667,2,2,1,0,0,0,0,0,0,0,0,0,0,0,0,0,0,0,0,0,0,0,0
12659,"Vaagslivatn",72623,6649846,796,8.4481039,108.69,10.9378,0.911552218,0.602217280456099,1,0,1985,"Jensen",528,2,2,0,1,0,0,0,0,0,0,0,0,0,0,0,0,0,0,0,0,0,0,0
12666,"Arbuvatn",69933,6649679,814,9.01582336,107.87,11.2318,0.632874574,-0.148526843485901,0,0,1985,"Jensen",1138.444444,2,2,0,1,0,0,0,0,0,0,0,0,0,0,0,0,0,0,0,0,0,0,0
12674,"Vaatjonn",138698,6643634,947,8.65663719,126.73,7.20597,0.212742507,0.332928350905463,1,0,1997,"Jensen",2040,1,1,0,0,0,0,0,0,0,0,0,0,0,0,0,0,0,0,0,0,0,0,0
12706,"Nedre_Urdetjonn",137986,6642507,943,8.72311783,126.75,7.13129,0.093303261,0.62592179512695,1,0,1997,"Jensen",2237.333333,1,1,0,0,0,0,0,0,0,0,0,0,0,0,0,0,0,0,0,0,0,0,0
12855,"Nedre_Vadtjern",81197,6643905,838,8.99218559,122.92,6.17406,0.218053695,-0.0160807589351178,1,1,1997,"Jensen",1002.666667,2,2,0,1,0,0,0,0,0,0,0,0,0,0,0,0,0,0,0,0,0,0,0
13066,"Einarhyttvatn",66663,6638469,1004,7.48239899,109.71,4.34951,0.521067853,-0.504959238761579,1,0,1993,"Jensen",633.1666667,1,1,0,0,0,0,0,0,0,0,0,0,0,0,0,0,0,0,0,0,0,0,0
13098,"Svartpodd",57343,6638583,1086,6.4430232,105.35,5.70619,0.422412782,-0.266232322991646,1,0,1992,"Jensen",1076.833333,1,1,0,0,0,0,0,0,0,0,0,0,0,0,0,0,0,0,0,0,0,0,0
13116,"Skaarsetvatn",147821,6629821,647,9.75646019,132.79,8.24088,0.354660181,0.25553475412901,1,0,1997,"Jensen",930.6666667,3,3,1,0,0,0,0,0,0,0,0,0,0,0,0,0,0,0,0,0,0,0,0
13127,"Urdetjonn",145729,6629772,760,9.67323875,132.14,7.49904,0.089237479,-0.272771351599419,1,0,1996,"Jensen",3210.666667,1,1,0,0,0,0,0,0,0,0,0,0,0,0,0,0,0,0,0,0,0,0,0
13128,"Vassendvatn",148941,6629219,643,10.64908028,133.33,8.76468,0.176638091,0.566209671555172,1,0,1997,"Jensen",1506.666667,3,3,1,0,0,0,0,0,0,0,0,0,0,0,0,0,0,0,0,0,0,0,0
13141,"Stangesjaa",137259,6629562,686,10.60144997,127.91,7.65631,0.477142524,0.319246106044389,1,0,1996,"Jensen",930.6666667,1,1,0,0,0,0,0,0,0,0,0,0,0,0,0,0,0,0,0,0,0,0,0
13144,"Nedre_Kaldsvatn",70880,6635532,909,8.32549858,111.5,5.07518,0.621205656,0.121013186147677,1,0,1992,"Jensen",931.8333333,2,2,0,1,0,0,0,0,0,0,0,0,0,0,0,0,0,0,0,0,0,0,0
13152,"Ytre_Vatnartjonn",144247,6629092,775,9.90807056,131.83,7.73651,0.127807417,0.200989279126885,1,0,1996,"Jensen",1818.666667,1,1,0,0,0,0,0,0,0,0,0,0,0,0,0,0,0,0,0,0,0,0,0
13268,"Lislevatn",70493,6631390,852,8.78492165,116.25,5.89009,0.696555943,-0.242058529162094,0,0,1977,"Jensen",3811,1,1,0,0,0,0,0,0,0,0,0,0,0,0,0,0,0,0,0,0,0,0,0
13292,"Nedre_Vaeringsvatn",61487,6631674,916,7.30272388,108.55,7.17063,0.387072702,0.168384608333876,0,0,1992,"Jensen",2033.333333,1,1,0,0,0,0,0,0,0,0,0,0,0,0,0,0,0,0,0,0,0,0,0
13742,"Strandstoyldalsvatn",88514,6614676,762,9.15581322,125.51,5.55607,0.369520611,-0.304803016714932,1,0,1996,"Jensen",1413.333333,1,1,0,0,0,0,0,0,0,0,0,0,0,0,0,0,0,0,0,0,0,0,0
14075,"Gausbuvatn",97398,6602626,664,10.61166,121.82,9.00149,0.662436377,0.0259345548740539,1,0,1996,"Jensen",866.6666667,1,1,0,0,0,0,0,0,0,0,0,0,0,0,0,0,0,0,0,0,0,0,0
14097,"Hylebuhylen",99100,6601787,657,10.67708969,122.17,8.83149,0.265766822,0.414569532309598,1,1,1996,"Jensen",922.6666667,1,1,0,0,0,0,0,0,0,0,0,0,0,0,0,0,0,0,0,0,0,0,0
14561,"Haukreivatn",91838,6585233,597,11.15697002,128.96,7.58715,0.102286354,-0.0923642519932401,0,0,1983,"Jensen",3740.333333,1,1,0,0,0,0,0,0,0,0,0,0,0,0,0,0,0,0,0,0,0,0,0
14599,"Bjorfitvatn",90808,6584232,604,10.70044041,128.94,7.58634,0.192545363,0.290154219860304,0,0,1983,"Jensen",1554,1,1,0,0,0,0,0,0,0,0,0,0,0,0,0,0,0,0,0,0,0,0,0
14615,"Valevatn",89477,6584055,616,10.56004047,128.51,7.91125,0.219892859,-0.352654192702353,0,0,1983,"Jensen",716.8333333,1,1,0,0,0,0,0,0,0,0,0,0,0,0,0,0,0,0,0,0,0,0,0
15560,"Mjavatnet",119788,6780368,1409,4.18927383,107.74,4.98461,0.46,-0.00503027362870514,1,0,2007,"Nordic",1526.666667,1,1,0,0,0,0,0,0,0,0,0,0,0,0,0,0,0,0,0,0,0,0,0
15613,"NedreBjordalsvatnet",119774,6777911,1480,4.32218504,102.32,4.06916,0.73,-0.0389808297526954,1,0,2007,"Nordic",746.6666667,1,1,0,0,0,0,0,0,0,0,0,0,0,0,0,0,0,0,0,0,0,0,0
15676,"Dyrkollvatnet",103982,6776993,1212,5.65113688,102.15,4.33195,0.12,0.350113370783726,1,0,2007,"Nordic",1854.666667,1,1,0,0,0,0,0,0,0,0,0,0,0,0,0,0,0,0,0,0,0,0,0
15742,"Hallingskeidsvatnet",104951,6774693,1397,4.03657484,101.58,3.96648,0.27,-0.134899585212067,1,0,2007,"Nordic",1116.5,1,1,0,0,0,0,0,0,0,0,0,0,0,0,0,0,0,0,0,0,0,0,0
15774,"Veslevatn_(Lille_Flyvatn)",168258,6767439,852,9.37314034,121.96,11.5587,0.61749065,0.0871446247131791,0,0,1977,"Jensen",1865.5,3,3,0,1,0,0,0,0,0,0,0,0,0,0,0,0,0,0,0,0,0,0,0
15992,"Aurdalsvatnet",92703,6766871,813,6.01216888,103.72,6.59072,0.37,0.754574215691503,0,0,2006,"Nordic",1944,1,1,0,0,0,0,0,0,0,0,0,0,0,0,0,0,0,0,0,0,0,0,0
16032,"oyestolsvatnet",95684,6764237,964,4.68506384,103.74,8.2121,0.18,0.193103550054711,1,0,2009,"Nordic",1273.555556,1,1,0,0,0,0,0,0,0,0,0,0,0,0,0,0,0,0,0,0,0,0,0
16035,"Stolsmagasinet/Djupsvatnet",121504,6756293,1091,7.36115503,109.39,7.95402,36.34795235,-0.388806358474349,1,1,1987,"Jensen",887.3888889,2,2,0,1,0,0,0,0,0,0,0,0,0,0,0,0,0,0,0,0,0,0,0
16070,"NedreBerdalsvatnet",88724,6762877,1440,3.82638311,103.13,6.07789,0.35,-0.262737572162588,1,1,2006,"Nordic",616,1,1,0,0,0,0,0,0,0,0,0,0,0,0,0,0,0,0,0,0,0,0,0
16235,"Hednedalsvatnet",84951,6757037,1261,5.01546907,101.45,6.82841,1.14,-0.227577596403526,1,0,2006,"Nordic",907.6666667,1,1,0,0,0,0,0,0,0,0,0,0,0,0,0,0,0,0,0,0,0,0,0
16289,"NedreGrovjuvvatnet",86348,6755805,1375,3.98677611,100.84,5.15327,0.16,-0.0393186082104888,1,0,2006,"Nordic",710.8518519,1,1,0,0,0,0,0,0,0,0,0,0,0,0,0,0,0,0,0,0,0,0,0
16627,"Lille_Rundavatn",72777,6744946,1078,6.49344587,100.46,4.43905,0.124114741,0.295808306942933,0,0,1975,"Jensen",411.4285714,1,1,0,0,0,0,0,0,0,0,0,0,0,0,0,0,0,0,0,0,0,0,0
16712,"Ausdolsvatn_A",68443,6742207,950,8.02278233,100.91,5.08216,0.12571525,0.151677937538849,0,0,1975,"Jensen",1129.52381,1,1,0,0,0,0,0,0,0,0,0,0,0,0,0,0,0,0,0,0,0,0,0
16787,"Grasbotnvatn",68252,6740224,1107,6.75694799,102.04,5.05072,0.119136469,0.138052893982554,0,0,1975,"Jensen",1468.571429,1,1,0,0,0,0,0,0,0,0,0,0,0,0,0,0,0,0,0,0,0,0,0
16881,"Tungevatn",100286,6734320,1101,6.41944313,103.15,8.22944,0.686030485,0.327507372189168,0,0,1983,"Jensen",16.11111111,3,3,1,0,1,0,0,0,0,0,0,0,0,0,0,0,0,0,0,0,0,0,0
17387,"ovre_Svangtjorn",145327,6715514,791,9.68958569,117.47,3.4777,0.493568305,-0.0750567590913392,0,0,1990,"Jensen",1191.666667,2,2,0,1,0,0,0,0,0,0,0,0,0,0,0,0,0,0,0,0,0,0,0
17583,"Nedre_Hein",112641,6710531,1072,8.02232265,115.58,3.07611,1.148688442,-0.110364211755457,1,0,1986,"Jensen",3937,1,1,0,0,0,0,0,0,0,0,0,0,0,0,0,0,0,0,0,0,0,0,0
17626,"Gvonnetjonne",139351,6706521,940,7.20314789,125.99,13.4168,0.04,0.46577744897855,0,0,1990,"Jensen",3267.333333,1,1,0,0,0,0,0,0,0,0,0,0,0,0,0,0,0,0,0,0,0,0,0
17855,"Urdetjern",179368,6694395,925,9.17150974,134.27,7.36172,0.112953547,-0.325017913129004,0,0,1987,"Jensen",1571.333333,1,1,0,0,0,0,0,0,0,0,0,0,0,0,0,0,0,0,0,0,0,0,0
18545,"Sledalsvatn",57998,6691259,1286,6.10444689,103.01,6.05364,0.425190613,-0.251035615506217,0,0,1979,"Jensen",2286.666667,1,1,0,0,0,0,0,0,0,0,0,0,0,0,0,0,0,0,0,0,0,0,0
18558,"Krokavatn",60857,6690985,1233,6.42968798,105.92,5.72785,0.422258068,-0.440364970112763,0,0,1979,"Jensen",5156.666667,1,1,0,0,0,0,0,0,0,0,0,0,0,0,0,0,0,0,0,0,0,0,0
18597,"Skavatn",64077,6690118,1256,6.93221617,108.29,3.73828,0.469840392,0.188572077726041,0,0,1979,"Jensen",2376.5,1,1,0,0,0,0,0,0,0,0,0,0,0,0,0,0,0,0,0,0,0,0,0
18700,"Kollsvatn",61747,6688514,1182,6.63704395,104.14,6.53655,0.609312012,0.599803346120841,0,0,1979,"Jensen",2116,1,1,0,0,0,0,0,0,0,0,0,0,0,0,0,0,0,0,0,0,0,0,0
18721,"Ljostjonn",134532,6681326,1181,6.8536849,120.8,2.67024,0.423108457,0.435303865836019,0,0,1992,"Jensen",2620,1,1,0,0,0,0,0,0,0,0,0,0,0,0,0,0,0,0,0,0,0,0,0
18773,"ovre_Krokavatn",72246,6685410,1153,6.95825386,105.79,5.39035,1.208331936,-0.132378910220589,0,0,1978,"Jensen",3061.666667,1,1,0,0,0,0,0,0,0,0,0,0,0,0,0,0,0,0,0,0,0,0,0
18782,"Nedre_Vassdalsvatn",61535,6686503,1282,6.30923796,101.64,7.60452,0.443055162,0.00361420324559903,0,0,1979,"Jensen",2069.833333,1,1,0,0,0,0,0,0,0,0,0,0,0,0,0,0,0,0,0,0,0,0,0
18831,"Midtre_Vassdalsvatn",59913,6685515,1301,5.97729206,100.8,8.97221,0.733049988,0.663812488028593,0,0,1979,"Jensen",964.1666667,1,1,0,0,0,0,0,0,0,0,0,0,0,0,0,0,0,0,0,0,0,0,0
19843,"Braasteinvatnet",-31464,6555181,53,13.50662994,147.68,4.8828,0.48243029,0.112207954943889,0,0,1990,"Jensen",335,3,3,0,0,1,0,0,0,0,0,0,1,0,0,0,0,0,0,0,0,0,0,0
22919,"Vaulen-Tistrei",-54475,6609183,56,13.47986031,140.88,0.688311,0.311370457,-0.0480460823649894,0,1,1990,"Jensen",2329.666667,1,1,0,0,0,0,0,0,0,0,0,0,0,0,0,0,0,0,0,0,0,0,0
23135,"NedreStorebotnvatnet",-4048,6877471,378,11.12182045,103.98,16.8196,0.62,0.424549832567846,0,0,2002,"Nordic",1821.111111,1,1,0,0,0,0,0,0,0,0,0,0,0,0,0,0,0,0,0,0,0,0,0
23527,"Botnavatn",27907,6651699,710,8.88486576,108.87,15.1171,0.277047398,0.0273189825815814,0,0,1974,"Jensen",718.7777778,1,1,0,0,0,0,0,0,0,0,0,0,0,0,0,0,0,0,0,0,0,0,0
23538,"Svartkulp",29759,6650750,774,8.11628914,103.2,9.32658,0.215957679,0.6850188084878,0,0,1974,"Jensen",225,1,1,0,0,0,0,0,0,0,0,0,0,0,0,0,0,0,0,0,0,0,0,0
23557,"Vatnadalsvatn",16506,6650406,577,10.19869995,118.06,7.42094,0.343677172,0.0926860048975348,0,0,1974,"Jensen",171.1666667,1,1,0,0,0,0,0,0,0,0,0,0,0,0,0,0,0,0,0,0,0,0,0
23712,"Krokvatnet",26987,6635597,463,8.94593525,114.87,9.32761,0.051276251,0.0142746538125506,0,0,1991,"Jensen",1876.666667,1,1,0,0,0,0,0,0,0,0,0,0,0,0,0,0,0,0,0,0,0,0,0
25807,"Klovtveitvatnet",-23749,6797907,410,10.62563038,126.88,6.50193,0.93,-0.0418894638709952,0,0,2001,"Nordic",3283.95,1,1,0,0,0,0,0,0,0,0,0,0,0,0,0,0,0,0,0,0,0,0,0
27119,"Jashaugvatnet",53804,6789221,949,8.48875046,105.17,10.1899,0.11,0.0427163173216165,1,0,2007,"Nordic",855.5555556,1,1,0,0,0,0,0,0,0,0,0,0,0,0,0,0,0,0,0,0,0,0,0
27184,"Bangsjoene",351918,7133388,315,11.3906002,124.3,6.27055,20.75932901,-0.0240696221080315,0,1,1985,"Jensen",674.0952381,1,1,0,0,0,0,0,0,0,0,0,0,0,0,0,0,0,0,0,0,0,0,0
27262,"Pollvatn",128250,6888853,578,9.89442062,106.28,13.1704,0.830098666,0.277570271203319,0,0,1992,"Jensen",926.1666667,1,1,0,0,0,0,0,0,0,0,0,0,0,0,0,0,0,0,0,0,0,0,0
27296,"Skykkjedalsvatn/Vesetvatnet?",56094,6752244,837,7.83219624,111.12,14.4819,0.383153548,-0.130606051145983,0,0,1975,"Jensen",4678.47619,1,1,0,0,0,0,0,0,0,0,0,0,0,0,0,0,0,0,0,0,0,0,0
28017,"Langesivatn",-597,6891912,357,11.26496983,120.94,12.0571,0.638087128,-0.371534006859932,0,0,1974,"Jensen",2436.666667,1,1,0,0,0,0,0,0,0,0,0,0,0,0,0,0,0,0,0,0,0,0,0
28024,"Kalvehollokjen/Krokevatnet",-1761,6891547,364,11.28116989,119.74,10.9376,0.172754947,0.437932018690044,0,0,1974,"Jensen",1897,1,1,0,0,0,0,0,0,0,0,0,0,0,0,0,0,0,0,0,0,0,0,0
28029,"Skarvevatnet",20041,6889460,816,8.52285671,108.45,17.6704,0.15,-0.247677382172076,0,0,2008,"Nordic",2377.777778,1,1,0,0,0,0,0,0,0,0,0,0,0,0,0,0,0,0,0,0,0,0,0
28030,"Hjortesigvatnet",18999,6889648,680,9.18975925,109.95,17.4085,0.03,-0.0927596949619936,0,0,2008,"Nordic",1443.888889,1,1,0,0,0,0,0,0,0,0,0,0,0,0,0,0,0,0,0,0,0,0,0
28043,"Brandevatnet",-3797,6890829,344,11.25611019,119.61,14.8601,0.09,0.202233619389297,0,0,2002,"Nordic",1482.833333,1,1,0,0,0,0,0,0,0,0,0,0,0,0,0,0,0,0,0,0,0,0,0
28059,"Vasslivatn",4166,6889123,288,9.06699562,110.6,12.5933,0.116666461,-0.042995230074069,0,0,1974,"Jensen",2441.333333,1,1,0,0,0,0,0,0,0,0,0,0,0,0,0,0,0,0,0,0,0,0,0
28061,"Osvatn",4722,6889039,383,11.13257027,110.98,12.6239,0.040401968,0.171834230102126,0,0,1974,"Jensen",2307.666667,1,1,0,0,0,0,0,0,0,0,0,0,0,0,0,0,0,0,0,0,0,0,0
28131,"Langedalsvatn",33965,6875748,382,11.34049034,116.81,18.7249,0.789358034,-0.404219054870185,0,0,1975,"Jensen",500.1111111,1,1,0,0,0,0,0,0,0,0,0,0,0,0,0,0,0,0,0,0,0,0,0
28137,"Klenevatnet",-12110,6880382,664,9.42160892,114.13,9.31295,0.24,0.146452741404029,0,0,2002,"Nordic",3138.2,1,1,0,0,0,0,0,0,0,0,0,0,0,0,0,0,0,0,0,0,0,0,0
28223,"Vasslivatn",24885,6871787,743,9.27672195,115.84,15.6047,0.778541411,-0.514645536058507,0,0,1974,"Jensen",3439.666667,1,1,0,0,0,0,0,0,0,0,0,0,0,0,0,0,0,0,0,0,0,0,0
28254,"Maasevatn",34133,6868910,636,6.37677097,110.45,14.4686,0.619734177,-0.240063086798237,0,0,1974,"Jensen",3275.666667,1,1,0,0,0,0,0,0,0,0,0,0,0,0,0,0,0,0,0,0,0,0,0
28258,"Dalevatn",27423,6869018,477,10.78071976,113.76,13.3706,0.659801668,0.0896160111622318,0,0,1974,"Jensen",1948.666667,1,1,0,0,0,0,0,0,0,0,0,0,0,0,0,0,0,0,0,0,0,0,0
28271,"Rombergsvatn",17534,6868065,413,10.92259026,121.81,9.59716,1.180216373,-0.197995618537972,0,0,1975,"Jensen",472.6666667,2,2,1,0,0,0,0,0,0,0,0,0,0,0,0,0,0,0,0,0,0,0,0
28303,"Nes-Svodavatn",22669,6862567,323,11.12718964,115.55,12.7207,0.293978173,-0.255439930205244,0,0,1975,"Jensen",383.8333333,2,2,1,0,0,0,0,0,0,0,0,0,0,0,0,0,0,0,0,0,0,0,0
28305,"Gotdalsvatn",31279,6861671,603,8.94674873,110.18,15.7858,0.125762016,0.43594310827534,0,0,1974,"Jensen",1263.333333,2,2,1,0,0,0,0,0,0,0,0,0,0,0,0,0,0,0,0,0,0,0,0
28333,"Botnavatn",28055,6856408,412,10.73126984,113.96,16.5607,0.448251848,-0.113851972919951,0,0,1974,"Jensen",2752.333333,1,1,0,0,0,0,0,0,0,0,0,0,0,0,0,0,0,0,0,0,0,0,0
28500,"Gravvatnet",20040,6837260,602,9.34020805,120.92,11.7821,1.1,0.0399110102950711,0,1,2001,"Nordic",797.8383838,1,1,0,0,0,0,0,0,0,0,0,0,0,0,0,0,0,0,0,0,0,0,0
28602,"Dalavatnet",14096,6829329,782,8.79912663,119.13,4.71586,0.1,-0.161560835449335,0,0,2009,"Nordic",1576.666667,1,1,0,0,0,0,0,0,0,0,0,0,0,0,0,0,0,0,0,0,0,0,0
28610,"ovreBlankedalsvatn",22986,6827950,892,8.09234905,112.01,6.00412,0.13,-0.209011769409986,0,0,2009,"Nordic",1390,1,1,0,0,0,0,0,0,0,0,0,0,0,0,0,0,0,0,0,0,0,0,0
28732,"Siplodammen",20325,6821130,524,11.13129044,116.55,18.1742,0.03,-0.390923727513793,0,1,2009,"Nordic",892.2222222,1,1,0,0,0,0,0,0,0,0,0,0,0,0,0,0,0,0,0,0,0,0,0
28972,"Adamsvatnet/Langavatnet",87336,6760088,1415,3.48742199,101.85,5.22968,2.14,-0.227421495254348,1,1,2006,"Nordic",1330.285714,1,1,0,0,0,0,0,0,0,0,0,0,0,0,0,0,0,0,0,0,0,0,0
29003,"Taklevatnet",-18340,6801845,294.2,11.80356979,130.49,6.35539,0.58,-0.292320171873022,0,1,2008,"Nordic",2516.666667,1,1,0,0,0,0,0,0,0,0,0,0,0,0,0,0,0,0,0,0,0,0,0
29019,"arnesstolsvatna",-6045,6799968,601.8,10.06727982,120.29,5.60564,0.38,-0.165159254343622,0,0,2001,"Nordic",2768.6,1,1,0,0,0,0,0,0,0,0,0,0,0,0,0,0,0,0,0,0,0,0,0
29070,"Heimdalsvatn",118621,6895573,849,8.3976469,106.19,14.0466,0.277695337,-0.492246604114501,0,0,1992,"Jensen",607.1666667,1,1,0,0,0,0,0,0,0,0,0,0,0,0,0,0,0,0,0,0,0,0,0
29136,"Svingsetvatn",60079,6893731,287,12.32178974,128.62,9.62305,0.891590115,-0.392347702472773,0,1,1987,"Jensen",806,1,1,0,0,0,0,0,0,0,0,0,0,0,0,0,0,0,0,0,0,0,0,0
29362,"Blaadalsvatn",36448,6867599,772,7.73076105,108.31,11.9715,0.220725076,0.43162823731705,0,0,1974,"Jensen",2496.333333,1,1,0,0,0,0,0,0,0,0,0,0,0,0,0,0,0,0,0,0,0,0,0
29407,"Kupevatn",39049,6863574,790,8.66403389,105.17,14.9733,0.337601146,0.0916618337393498,0,0,1974,"Jensen",657,1,1,0,0,0,0,0,0,0,0,0,0,0,0,0,0,0,0,0,0,0,0,0
29414,"Stigsvatn",38861,6862430,779,7.57060194,105.34,14.7749,0.483395149,0.368458777645426,0,0,1974,"Jensen",991.3333333,1,1,0,0,0,0,0,0,0,0,0,0,0,0,0,0,0,0,0,0,0,0,0
29475,"Attgloyma",126012,6848910,1221,5.33060694,102.53,6.56935,0.12,0.150420021104385,0,0,2003,"Nordic",229.7333333,1,1,0,0,0,0,0,0,0,0,0,0,0,0,0,0,0,0,0,0,0,0,0
29479,"Spile",126748,6848676,1275,4.84198618,104.21,7.7228,0.07,0.120109761496609,1,0,1995,"Nordic",1022.222222,1,1,0,0,0,0,0,0,0,0,0,0,0,0,0,0,0,0,0,0,0,0,0
29504,"Dyrhaugsvatnet",124126,6846746,1354,4.31912088,105.29,4.52285,0.18,0.136729067430594,1,0,2003,"Nordic",460.3333333,1,1,0,0,0,0,0,0,0,0,0,0,0,0,0,0,0,0,0,0,0,0,0
29512,"Vetle_Skaalavatn",120034,6846501,969,6.67963314,103.61,8.68667,0.086868919,-0.0577539406293801,0,0,1975,"Jensen",545.3333333,1,1,0,0,0,0,0,0,0,0,0,0,0,0,0,0,0,0,0,0,0,0,0
29525,"NedreHervavatnet",121204,6844674,1287,4.44779778,103.3,7.44889,0.11,0.222921673620692,0,0,2003,"Nordic",803.4722222,1,1,0,0,0,0,0,0,0,0,0,0,0,0,0,0,0,0,0,0,0,0,0
29811,"Breibottenvatn_(ovre)",125181,6816585,1245,4.98234177,107.06,5.40193,0.174690841,-0.500087159061417,0,0,1975,"Jensen",607.6666667,1,1,0,0,0,0,0,0,0,0,0,0,0,0,0,0,0,0,0,0,0,0,0
29820,"Holsbruvatnet",120668,6816364,731,8.24561882,108.35,9.41057,0.18,-0.313104670390414,0,1,2003,"Nordic",958.65,2,2,0,1,0,0,0,0,0,0,0,0,0,0,0,0,0,0,0,0,0,0,0
29859,"Nedre_Biskopvatn",123001,6813522,863,7.71322012,107.71,9.16969,0.123653558,0.0102433264069923,0,0,1975,"Jensen",1280.666667,1,1,0,0,0,0,0,0,0,0,0,0,0,0,0,0,0,0,0,0,0,0,0
29875,"Skogsvatnet",120263,6812516,1236,5.004807,106.36,5.59458,0.4,-0.0940305964717655,1,0,2008,"Nordic",2512.222222,1,1,0,0,0,0,0,0,0,0,0,0,0,0,0,0,0,0,0,0,0,0,0
29909,"Urdavatnet",37314,6817115,887,8.65361786,105.05,9.82899,0.25,0.0149334737239575,1,0,2009,"Nordic",1963.177778,1,1,0,0,0,0,0,0,0,0,0,0,0,0,0,0,0,0,0,0,0,0,0
29993,"Viervatn",100662,6803074,956,8.16572189,114.11,16.6807,0.055228885,0.542733970780258,0,0,1985,"Jensen",2048,1,1,0,0,0,0,0,0,0,0,0,0,0,0,0,0,0,0,0,0,0,0,0
30192,"Kallevasstjorni",120338,6784113,1436,4.31794977,104.68,5.28403,0.12,0.0506285519157966,1,0,2007,"Nordic",654.8148148,1,1,0,0,0,0,0,0,0,0,0,0,0,0,0,0,0,0,0,0,0,0,0
30200,"Kaldevatnet",120382,6782263,1444,4.40605402,105.5,3.9451,0.89,0.0716114048034917,1,0,2007,"Nordic",1061.666667,1,1,0,0,0,0,0,0,0,0,0,0,0,0,0,0,0,0,0,0,0,0,0
30305,"ovre_Smaadalsvatn",172063,6858238,1075,7.32232904,114.99,17.287,0.141110487,0.0270484120019156,0,0,1975,"Jensen",2490.833333,1,1,0,0,0,0,0,0,0,0,0,0,0,0,0,0,0,0,0,0,0,0,0
30309,"Nedre_Smaadalsvatn",170851,6857958,1075,7.32413006,114.45,17.7419,0.17064222,0.289586418362537,0,0,1975,"Jensen",4134,1,1,0,0,0,0,0,0,0,0,0,0,0,0,0,0,0,0,0,0,0,0,0
30835,"Steintjorni",132808,6791561,1392,5.15271091,104.46,9.60824,0.14,0.170266380240346,1,0,2007,"Nordic",950,1,1,0,0,0,0,0,0,0,0,0,0,0,0,0,0,0,0,0,0,0,0,0
32108,"Grotlivatn",116632,6896566,863,8.41434288,105.9,14.1363,0.66344671,0.103989363925812,0,0,1992,"Jensen",465,1,1,0,0,0,0,0,0,0,0,0,0,0,0,0,0,0,0,0,0,0,0,0
32712,"Sandvatnet/Kaldfjorden/oyvatne",188919,6816597,1019,8.78241158,113.48,9.48151,19.13258818,0.079247081319344,1,1,1979,"Jensen",675.1111111,3,3,0,1,1,0,0,0,0,0,0,0,0,0,0,0,0,0,0,0,0,0,0
32747,"ovre_og_Nedre_Hersjo",195612,6815396,983,9.07570076,114.39,9.2929,1.398548811,0.00711819475769115,1,0,1980,"Jensen",493.1666667,2,2,0,1,0,0,0,0,0,0,0,0,0,0,0,0,0,0,0,0,0,0,0
32987,"Hedalsfjorden",175921,6799614,614,10.71512032,120.02,10.2319,0.800920119,-0.21643368619214,0,0,1974,"Jensen",1043.666667,2,2,0,1,0,0,0,0,0,0,0,0,0,0,0,0,0,0,0,0,0,0,0
33069,"Mjogsjoen",233072,6787233,887,9.2337904,130.55,4.29205,0.532531278,0.140490607171359,0,0,1979,"Jensen",232.5,3,3,0,1,1,0,0,0,0,0,0,0,0,0,0,0,0,0,0,0,0,0,0
33086,"Sebu-Rossjoen",213020,6788490,963,9.19264984,128.29,5.65394,1.306559178,0.387294436990215,0,0,1978,"Jensen",710.8888889,3,3,1,1,0,0,0,0,0,0,0,0,0,0,0,0,0,0,0,0,0,0,0
33094,"Heisenn",205629,6788371,906,9.50364208,129.71,1.94598,0.355636794,-0.237205259229799,0,0,1979,"Jensen",615.3333333,3,3,0,1,0,0,0,0,0,0,0,0,0,0,0,0,0,0,0,0,0,0,0
33319,"Sondre_orsjoen",321626,6860903,815,9.80653,119.25,4.40357,0.652368669,0.3928977929892,0,0,1997,"Jensen",3374.095238,1,1,0,0,0,0,0,0,0,0,0,0,0,0,0,0,0,0,0,0,0,0,0
34413,"Fundinmagasinet",237096,6926345,1021,7.17759991,117.97,7.40667,10.02940642,-0.403157594534776,1,1,1980,"Jensen",1047.244444,2,2,0,0,0,0,0,1,0,0,0,0,0,0,0,0,0,0,0,0,0,0,0
34881,"Mosjoen",336302,6985310,587,9.62955284,120.96,6.91004,0.481008789,0.331326774666153,0,0,1976,"Jensen",253.1666667,3,3,1,0,0,0,0,0,0,1,0,0,0,0,0,0,0,0,0,0,0,0,0
35070,"Langen",300000,6967247,818,8.21764755,120.51,4.23336,0.171926489,-0.00312370334805514,0,0,1978,"Jensen",2979.047619,1,1,0,0,0,0,0,0,0,0,0,0,0,0,0,0,0,0,0,0,0,0,0
35071,"Litjsandtjonna",299948,6967883,821,8.21764755,119.3,4.05898,0.028692627,0.454172082045924,0,0,1978,"Jensen",2663.619048,1,1,0,0,0,0,0,0,0,0,0,0,0,0,0,0,0,0,0,0,0,0,0
35224,"Steinfjelltjonna",285090,6959981,1098,6.89566183,116.16,4.71158,0.216568059,-0.0838288138368539,0,0,1979,"Jensen",636.1904762,1,1,0,0,0,0,0,0,0,0,0,0,0,0,0,0,0,0,0,0,0,0,0
35279,"Fjellsjoen",290052,6954336,974,7.87808418,119.47,5.0923,0.542660417,-0.219739859904638,0,0,1995,"Jensen",2438.333333,1,1,0,0,0,0,0,0,0,0,0,0,0,0,0,0,0,0,0,0,0,0,0
35429,"Store_Gjersjoen",277146,6936565,990,6.85290289,120.48,4.5055,0.637729185,-0.0561612576289518,0,0,1994,"Jensen",1637.142857,2,2,0,1,0,0,0,0,0,0,0,0,0,0,0,0,0,0,0,0,0,0,0
36626,"Krokvatn",192564,7008168,336,10.43548012,126.59,6.28255,0.093511515,0.0600310496835538,0,1,1977,"Jensen",875.4444444,3,3,1,1,0,0,0,0,0,0,0,0,0,0,0,0,0,0,0,0,0,0,0
36778,"Holmtjern",289896,7092875,426,10.93793011,124.52,4.01088,0.267579559,0.445100938895917,0,0,1983,"Jensen",248,2,2,1,0,0,0,0,0,0,0,0,0,0,0,0,0,0,0,0,0,0,0,0
36855,"Rortjern",284955,7089327,357,10.58090973,124.92,6.67992,0.057550188,0.0418091253226203,0,0,1982,"Jensen",689.7777778,1,1,0,0,0,0,0,0,0,0,0,0,0,0,0,0,0,0,0,0,0,0,0
36881,"Gaasvatn",285247,7087122,326,10.73318005,126.29,16.8413,0.064706144,0.287226462118733,0,0,1983,"Jensen",288.7619048,2,2,1,0,0,0,0,0,0,0,0,0,0,0,0,0,0,0,0,0,0,0,0
36928,"Litle_Meltingen",297291,7082792,175,12.60072994,131.1,3.98073,0.17131082,0.117678741617478,0,0,1979,"Jensen",384,4,3,1,0,0,0,0,0,1,1,0,0,0,0,0,0,0,0,0,0,0,0,0
37001,"Langtjonnan",271509,7079231,940,10.40316963,128.4,7.47254,0.148637394,0.733045245424706,0,0,1979,"Jensen",3508.380952,1,1,0,0,0,0,0,0,0,0,0,0,0,0,0,0,0,0,0,0,0,0,0
37014,"Litle_Gronsjoen",285786,7076958,225,12.32301044,130.14,3.75074,0.761409035,-0.0833509836816308,0,0,1979,"Jensen",591.4285714,3,3,1,0,0,0,0,0,1,0,0,0,0,0,0,0,0,0,0,0,0,0,0
37145,"Storvatnet",252885,7066552,132,12.11800957,134.29,5.41471,0.188238237,0.191091773004605,0,1,1973,"Jensen",859.7037037,3,3,1,0,0,0,0,0,1,0,0,0,0,0,0,0,0,0,0,0,0,0,0
38054,"Ormsetlonan",288992,7091553,380,10.67593956,125.08,2.92947,0.057575353,-0.183775568773965,0,0,1983,"Jensen",924.3809524,2,2,1,0,0,0,0,0,0,0,0,0,0,0,0,0,0,0,0,0,0,0,0
38424,"Fossvatnet",337566,7028347,403,10.7101202,129.54,3.68675,0.455599963,-0.60572031510849,0,0,1984,"Jensen",1133.904762,2,2,1,0,0,0,0,0,0,0,0,0,0,0,0,0,0,0,0,0,0,0,0
38455,"Store_Kvernfjellvatn",320952,7020522,574,9.88864708,119.52,5.61918,0.521036481,0.0348849879993821,0,0,1975,"Jensen",2585,1,1,0,0,0,0,0,0,0,0,0,0,0,0,0,0,0,0,0,0,0,0,0
38460,"Lille_Kvernfjellvatn",323016,7019089,596,9.80025482,120.31,5.2077,0.123303779,-0.27684356898758,0,0,1975,"Jensen",2704,1,1,0,0,0,0,0,0,0,0,0,0,0,0,0,0,0,0,0,0,0,0,0
38540,"Elgesjoen",342579,6995692,816,8.26239872,115.48,6.39639,0.460752364,-0.297465556966539,0,0,1978,"Jensen",601.3333333,1,1,0,0,0,0,0,0,0,0,0,0,0,0,0,0,0,0,0,0,0,0,0
40353,"Leirsjoen",383002,7140821,205,11.82429981,128.57,4.0538,0.661402876,0.755299927646879,0,0,1991,"Jensen",2844.190476,1,1,0,0,0,0,0,0,0,0,0,0,0,0,0,0,0,0,0,0,0,0,0
40356,"Dalvatnet",392405,7140054,227,11.86769009,121.86,12.6505,0.373379379,0.0458874028128049,0,0,1981,"Jensen",2273.52381,1,1,0,0,0,0,0,0,0,0,0,0,0,0,0,0,0,0,0,0,0,0,0
41876,"Storvatnet",260524,7110152,85,11.79374027,139.32,7.86129,0.26610128,-0.00379842915736789,0,0,1973,"Jensen",1067,3,3,1,0,0,0,0,0,1,0,0,0,0,0,0,0,0,0,0,0,0,0,0
41945,"Brattlandsvatnet",426501,7152199,358,10.73806953,125.05,6.19727,0.894988514,0.571371128489659,0,0,1981,"Jensen",1039.238095,3,3,1,1,0,0,0,0,0,0,0,0,0,0,0,0,0,0,0,0,0,0,0
43817,"Lille_Gaasvatn",498049,7429675,561,9.28107452,115.36,2.97044,0.685295602,-0.717406663369789,0,0,1977,"Jensen",647.6190476,1,1,0,0,0,0,0,0,0,0,0,0,0,0,0,0,0,0,0,0,0,0,0
43927,"Kvitbergvatn",503686,7424740,546,9.88866138,115.57,6.74633,0.877358543,0.298655161493813,0,0,1975,"Jensen",809.5238095,1,1,0,0,0,0,0,0,0,0,0,0,0,0,0,0,0,0,0,0,0,0,0
44579,"Storvatn",429012,7376091,173,8.65547466,114.51,13.3822,1.073547322,-0.625944752487903,0,0,1975,"Jensen",1695.238095,1,1,0,0,0,0,0,0,0,0,0,0,0,0,0,0,0,0,0,0,0,0,0
45346,"Smaagaasvatn",497425,7429611,560,9.28107452,116.15,2.56166,0.402191471,-0.0316163700896872,0,0,1977,"Jensen",1371.428571,1,1,0,0,0,0,0,0,0,0,0,0,0,0,0,0,0,0,0,0,0,0,0
45587,"Kuvatn",546753,7528306,559,9.46791363,110.08,9.59961,1.058501024,0.357779864540782,0,0,1978,"Jensen",105.3333333,2,2,1,0,0,0,0,0,0,0,0,0,0,0,0,0,0,0,0,0,0,0,0
45688,"Biegkerdjavrre",560370,7521750,507,10.06484985,109.27,10.5113,0.276096857,-0.23513693627885,0,0,1978,"Jensen",476.4190476,2,2,1,0,0,0,0,0,0,0,0,0,0,0,0,0,0,0,0,0,0,0,0
45999,"Austervatn",542224,7491591,272,10.8246603,108.71,11.7746,0.919529778,0.0280872595341811,0,0,1977,"Jensen",520.6349206,1,1,0,0,0,0,0,0,0,0,0,0,0,0,0,0,0,0,0,0,0,0,0
46179,"Skarsvatn",489365,7477867,160,11.76607037,130,5.20273,0.023410501,0.0585836898165638,0,0,1975,"Jensen",1542.857143,1,1,0,0,0,0,0,0,0,0,0,0,0,0,0,0,0,0,0,0,0,0,0
48743,"Djupvann",568850,7576842,76,12.65112972,121.41,12.2536,0.875325314,0.685139373519917,0,0,1982,"Jensen",1602.095238,3,3,1,0,0,0,0,0,1,0,0,0,0,0,0,0,0,0,0,0,0,0,0
63829,"Kjaerringvann",1060778,7813809,274,11.39815044,116.83,3.01114,1.254833264,0.721866299401256,0,1,1984,"Jensen",905,3,3,1,0,0,0,1,0,0,0,0,0,0,0,0,0,0,0,0,0,0,0,0
64550,"Sennagrasvatne/Suoidneluobbalat",1097495,7797981,109,11.64490032,119.13,2.98265,0.352117757,0.372654880831509,0,0,1979,"Jensen",1042.333333,4,3,1,0,0,0,1,0,1,0,0,0,0,0,0,0,0,0,0,0,0,0,0
64701,"Borsevatn/Bissujavri",1101794,7793440,173,10.83920002,119.46,4.21191,0.377314071,0.0961379425598661,0,0,1979,"Jensen",700.3333333,3,3,1,0,0,0,1,0,0,0,0,0,0,0,0,0,0,0,0,0,0,0,0
66840,"Finnebuvatnet",107309,6779215,1350,4.08954,103.93,4.1023,0.34,-0.0615578554407119,1,0,2007,"Nordic",836.9444444,1,1,0,0,0,0,0,0,0,0,0,0,0,0,0,0,0,0,0,0,0,0,0
80623,"Braataavatnet",129776,6884294,538,10.28584957,108.27,14.6311,0.263339396,0.144083257042751,0,0,1980,"Jensen",536.5555556,1,1,0,0,0,0,0,0,0,0,0,0,0,0,0,0,0,0,0,0,0,0,0
